ISO-10303-21;
HEADER;
FILE_DESCRIPTION (( 'STEP AP214' ),
    '1' );
FILE_NAME ('base.STEP',
    '2025-09-29T08:49:40',
    ( '' ),
    ( '' ),
    'SwSTEP 2.0',
    'SolidWorks 2025',
    '' );
FILE_SCHEMA (( 'AUTOMOTIVE_DESIGN' ));
ENDSEC;

DATA;
#1 = CARTESIAN_POINT ( 'NONE',  ( 15.00000000000005151, 14.99999999999994671, 300.0000000000000000 ) ) ;
#2 = ORIENTED_EDGE ( 'NONE', *, *, #1112, .T. ) ;
#3 = EDGE_LOOP ( 'NONE', ( #1965, #1550, #1198, #1255 ) ) ;
#4 = FACE_OUTER_BOUND ( 'NONE', #338, .T. ) ;
#5 = LINE ( 'NONE', #1612, #1991 ) ;
#6 = DIRECTION ( 'NONE',  ( -1.040834085586085046E-14, -1.000000000000000000, 0.000000000000000000 ) ) ;
#7 = DIRECTION ( 'NONE',  ( -0.000000000000000000, -0.000000000000000000, -1.000000000000000000 ) ) ;
#8 = ORIENTED_EDGE ( 'NONE', *, *, #109, .T. ) ;
#9 = DIRECTION ( 'NONE',  ( -1.000000000000000000, 0.000000000000000000, 0.000000000000000000 ) ) ;
#10 = EDGE_CURVE ( 'NONE', #2015, #1333, #167, .T. ) ;
#11 = ORIENTED_EDGE ( 'NONE', *, *, #795, .T. ) ;
#12 = VECTOR ( 'NONE', #600, 1000.000000000000000 ) ;
#13 = DIRECTION ( 'NONE',  ( -0.000000000000000000, -0.000000000000000000, -1.000000000000000000 ) ) ;
#14 = DIRECTION ( 'NONE',  ( 1.000000000000000000, -6.984081228015534660E-15, -0.000000000000000000 ) ) ;
#15 = LINE ( 'NONE', #1820, #406 ) ;
#16 = LINE ( 'NONE', #2008, #1187 ) ;
#17 = DIRECTION ( 'NONE',  ( -0.000000000000000000, -0.000000000000000000, -1.000000000000000000 ) ) ;
#18 = ORIENTED_EDGE ( 'NONE', *, *, #1006, .F. ) ;
#19 = EDGE_CURVE ( 'NONE', #1231, #1376, #1796, .T. ) ;
#20 = EDGE_CURVE ( 'NONE', #75, #918, #490, .T. ) ;
#21 = DIRECTION ( 'NONE',  ( -3.379394142588160647E-15, -1.000000000000000000, 0.000000000000000000 ) ) ;
#22 = CARTESIAN_POINT ( 'NONE',  ( 8.999999999999927169, -10.40007142674942564, 300.0000000000000000 ) ) ;
#23 = DIRECTION ( 'NONE',  ( -0.000000000000000000, -0.000000000000000000, -1.000000000000000000 ) ) ;
#24 = AXIS2_PLACEMENT_3D ( 'NONE', #1205, #1194, #747 ) ;
#25 = CARTESIAN_POINT ( 'NONE',  ( 0.000000000000000000, 0.000000000000000000, 300.0000000000000000 ) ) ;
#26 = CARTESIAN_POINT ( 'NONE',  ( 8.999999999999927169, -10.40007142674942564, 0.000000000000000000 ) ) ;
#27 = VECTOR ( 'NONE', #1105, 1000.000000000000000 ) ;
#28 = VERTEX_POINT ( 'NONE', #342 ) ;
#29 = ORIENTED_EDGE ( 'NONE', *, *, #1349, .T. ) ;
#30 = EDGE_CURVE ( 'NONE', #886, #1691, #1481, .T. ) ;
#31 = FACE_OUTER_BOUND ( 'NONE', #1149, .T. ) ;
#32 = DIRECTION ( 'NONE',  ( -0.000000000000000000, 1.000000000000000000, -0.000000000000000000 ) ) ;
#33 = AXIS2_PLACEMENT_3D ( 'NONE', #1175, #1829, #541 ) ;
#34 = CARTESIAN_POINT ( 'NONE',  ( 12.99999999999996625, -4.850000000000088463, 300.0000000000000000 ) ) ;
#35 = CARTESIAN_POINT ( 'NONE',  ( -10.40007142674945584, -8.999999999999889866, 300.0000000000000000 ) ) ;
#36 = ORIENTED_EDGE ( 'NONE', *, *, #780, .F. ) ;
#37 = AXIS2_PLACEMENT_3D ( 'NONE', #2090, #137, #944 ) ;
#38 = ORIENTED_EDGE ( 'NONE', *, *, #858, .T. ) ;
#39 = VERTEX_POINT ( 'NONE', #1975 ) ;
#40 = EDGE_CURVE ( 'NONE', #900, #1376, #1817, .T. ) ;
#41 = LINE ( 'NONE', #1010, #189 ) ;
#42 = CARTESIAN_POINT ( 'NONE',  ( 10.40007142674939544, 8.999999999999962697, 300.0000000000000000 ) ) ;
#43 = DIRECTION ( 'NONE',  ( -0.000000000000000000, -0.000000000000000000, -1.000000000000000000 ) ) ;
#44 = EDGE_CURVE ( 'NONE', #655, #155, #1470, .T. ) ;
#45 = CARTESIAN_POINT ( 'NONE',  ( -5.250000000000039080, -3.849928573250580133, 0.000000000000000000 ) ) ;
#46 = VERTEX_POINT ( 'NONE', #991 ) ;
#47 = DIRECTION ( 'NONE',  ( -0.000000000000000000, -0.000000000000000000, -1.000000000000000000 ) ) ;
#48 = ORIENTED_EDGE ( 'NONE', *, *, #1473, .T. ) ;
#49 = ORIENTED_EDGE ( 'NONE', *, *, #1693, .T. ) ;
#50 = LINE ( 'NONE', #1835, #933 ) ;
#51 = CARTESIAN_POINT ( 'NONE',  ( -14.00000000000010303, -9.999999999999850786, 0.000000000000000000 ) ) ;
#52 = ORIENTED_EDGE ( 'NONE', *, *, #739, .F. ) ;
#53 = EDGE_CURVE ( 'NONE', #166, #1359, #700, .T. ) ;
#54 = CARTESIAN_POINT ( 'NONE',  ( 15.00000000000005151, 14.99999999999994671, 300.0000000000000000 ) ) ;
#55 = LINE ( 'NONE', #535, #2024 ) ;
#56 = VECTOR ( 'NONE', #2021, 1000.000000000000000 ) ;
#57 = EDGE_CURVE ( 'NONE', #901, #1759, #1002, .T. ) ;
#58 = ORIENTED_EDGE ( 'NONE', *, *, #1225, .F. ) ;
#59 = CARTESIAN_POINT ( 'NONE',  ( 14.99999999999996447, -4.850000000000102673, 0.000000000000000000 ) ) ;
#60 = ORIENTED_EDGE ( 'NONE', *, *, #1745, .T. ) ;
#61 = AXIS2_PLACEMENT_3D ( 'NONE', #830, #1836, #506 ) ;
#62 = VECTOR ( 'NONE', #308, 1000.000000000000000 ) ;
#63 = ORIENTED_EDGE ( 'NONE', *, *, #436, .T. ) ;
#64 = DIRECTION ( 'NONE',  ( 1.000000000000000000, -1.084202172485504434E-14, 0.000000000000000000 ) ) ;
#65 = CARTESIAN_POINT ( 'NONE',  ( 8.999999999999927169, -10.40007142674942564, 300.0000000000000000 ) ) ;
#66 = LINE ( 'NONE', #223, #1810 ) ;
#67 = DIRECTION ( 'NONE',  ( -0.000000000000000000, 1.000000000000000000, -0.000000000000000000 ) ) ;
#68 = ORIENTED_EDGE ( 'NONE', *, *, #1766, .F. ) ;
#69 = LINE ( 'NONE', #1513, #983 ) ;
#70 = VERTEX_POINT ( 'NONE', #542 ) ;
#71 = ADVANCED_FACE ( 'NONE', ( #1168 ), #347, .F. ) ;
#72 = VECTOR ( 'NONE', #589, 1000.000000000000000 ) ;
#73 = VECTOR ( 'NONE', #1651, 1000.000000000000000 ) ;
#74 = EDGE_CURVE ( 'NONE', #1172, #597, #1809, .T. ) ;
#75 = VERTEX_POINT ( 'NONE', #1182 ) ;
#76 = ORIENTED_EDGE ( 'NONE', *, *, #400, .F. ) ;
#77 = VECTOR ( 'NONE', #1338, 1000.000000000000000 ) ;
#78 = FACE_BOUND ( 'NONE', #1075, .T. ) ;
#79 = CARTESIAN_POINT ( 'NONE',  ( 9.000000000000042633, 12.99999999999996980, 300.0000000000000000 ) ) ;
#80 = DIRECTION ( 'NONE',  ( -0.000000000000000000, -0.000000000000000000, -1.000000000000000000 ) ) ;
#81 = LINE ( 'NONE', #1918, #1457 ) ;
#82 = VERTEX_POINT ( 'NONE', #1483 ) ;
#83 = LINE ( 'NONE', #1400, #2049 ) ;
#84 = CARTESIAN_POINT ( 'NONE',  ( 14.00000000000005684, 13.99999999999995026, 300.0000000000000000 ) ) ;
#85 = ORIENTED_EDGE ( 'NONE', *, *, #1496, .T. ) ;
#86 = ORIENTED_EDGE ( 'NONE', *, *, #10, .F. ) ;
#87 = ADVANCED_FACE ( 'NONE', ( #367 ), #1190, .F. ) ;
#88 = ORIENTED_EDGE ( 'NONE', *, *, #548, .F. ) ;
#89 = EDGE_CURVE ( 'NONE', #1699, #996, #1978, .T. ) ;
#90 = EDGE_LOOP ( 'NONE', ( #365, #1245 ) ) ;
#91 = CARTESIAN_POINT ( 'NONE',  ( -14.00000000000015454, -13.99999999999985079, 300.0000000000000000 ) ) ;
#92 = LINE ( 'NONE', #65, #1353 ) ;
#93 = DIRECTION ( 'NONE',  ( -1.127570259384924611E-14, -1.000000000000000000, 0.000000000000000000 ) ) ;
#94 = CARTESIAN_POINT ( 'NONE',  ( -4.849999999999999645, 15.00000000000000000, 0.000000000000000000 ) ) ;
#95 = VECTOR ( 'NONE', #2006, 1000.000000000000000 ) ;
#96 = ORIENTED_EDGE ( 'NONE', *, *, #1254, .T. ) ;
#97 = LINE ( 'NONE', #1213, #682 ) ;
#98 = CARTESIAN_POINT ( 'NONE',  ( -13.99999999999999822, 10.00000000000000000, 300.0000000000000000 ) ) ;
#99 = EDGE_LOOP ( 'NONE', ( #1824, #1608, #799, #958 ) ) ;
#100 = VERTEX_POINT ( 'NONE', #1989 ) ;
#101 = VECTOR ( 'NONE', #832, 1000.000000000000000 ) ;
#102 = ORIENTED_EDGE ( 'NONE', *, *, #2023, .T. ) ;
#103 = EDGE_LOOP ( 'NONE', ( #1294, #980, #1637, #1841 ) ) ;
#104 = LINE ( 'NONE', #1199, #515 ) ;
#105 = CARTESIAN_POINT ( 'NONE',  ( 4.850000000000042277, 12.99999999999998401, 0.000000000000000000 ) ) ;
#106 = EDGE_CURVE ( 'NONE', #923, #1553, #15, .T. ) ;
#107 = CARTESIAN_POINT ( 'NONE',  ( 15.00000000000005151, 14.99999999999994671, 300.0000000000000000 ) ) ;
#108 = FACE_OUTER_BOUND ( 'NONE', #103, .T. ) ;
#109 = EDGE_CURVE ( 'NONE', #852, #1584, #674, .T. ) ;
#110 = ORIENTED_EDGE ( 'NONE', *, *, #1379, .T. ) ;
#111 = LINE ( 'NONE', #759, #311 ) ;
#112 = LINE ( 'NONE', #1387, #1602 ) ;
#113 = ORIENTED_EDGE ( 'NONE', *, *, #2056, .F. ) ;
#114 = ORIENTED_EDGE ( 'NONE', *, *, #1290, .T. ) ;
#115 = FACE_OUTER_BOUND ( 'NONE', #1564, .T. ) ;
#116 = AXIS2_PLACEMENT_3D ( 'NONE', #924, #1694, #64 ) ;
#117 = DIRECTION ( 'NONE',  ( 0.000000000000000000, 0.000000000000000000, 1.000000000000000000 ) ) ;
#118 = ADVANCED_FACE ( 'NONE', ( #849 ), #172, .T. ) ;
#119 = DIRECTION ( 'NONE',  ( 1.000000000000000000, -7.228014483236695175E-15, -0.000000000000000000 ) ) ;
#120 = EDGE_LOOP ( 'NONE', ( #967, #438, #1742, #1950 ) ) ;
#121 = LINE ( 'NONE', #307, #1774 ) ;
#122 = EDGE_CURVE ( 'NONE', #1399, #1503, #1330, .T. ) ;
#123 = CARTESIAN_POINT ( 'NONE',  ( -13.99999999999999822, 14.00000000000000888, 300.0000000000000000 ) ) ;
#124 = ORIENTED_EDGE ( 'NONE', *, *, #1195, .T. ) ;
#125 = CARTESIAN_POINT ( 'NONE',  ( -15.00000000000015632, -14.99999999999984190, 0.000000000000000000 ) ) ;
#126 = CARTESIAN_POINT ( 'NONE',  ( 10.40007142674929952, -9.000000000000071054, 300.0000000000000000 ) ) ;
#127 = LINE ( 'NONE', #1287, #2062 ) ;
#128 = EDGE_CURVE ( 'NONE', #301, #1262, #1846, .T. ) ;
#129 = ORIENTED_EDGE ( 'NONE', *, *, #270, .T. ) ;
#130 = CARTESIAN_POINT ( 'NONE',  ( 15.00000000000001599, 4.849999999999947242, 300.0000000000000000 ) ) ;
#131 = CARTESIAN_POINT ( 'NONE',  ( -4.850000000000153300, -14.99999999999994849, 300.0000000000000000 ) ) ;
#132 = EDGE_CURVE ( 'NONE', #1474, #555, #1998, .T. ) ;
#133 = ORIENTED_EDGE ( 'NONE', *, *, #869, .T. ) ;
#134 = AXIS2_PLACEMENT_3D ( 'NONE', #1949, #627, #1273 ) ;
#135 = VECTOR ( 'NONE', #47, 1000.000000000000000 ) ;
#136 = PLANE ( 'NONE',  #1435 ) ;
#137 = DIRECTION ( 'NONE',  ( 3.469446951953614189E-15, 1.000000000000000000, -0.000000000000000000 ) ) ;
#138 = COLOUR_RGB ( '',0.7921568627450980005, 0.8196078431372548767, 0.9333333333333333481 ) ;
#139 = CARTESIAN_POINT ( 'NONE',  ( -9.999999999999998224, 10.00000000000000000, 300.0000000000000000 ) ) ;
#140 = VERTEX_POINT ( 'NONE', #42 ) ;
#141 = DIRECTION ( 'NONE',  ( -0.000000000000000000, -0.000000000000000000, -1.000000000000000000 ) ) ;
#142 = LINE ( 'NONE', #2105, #1708 ) ;
#143 = ADVANCED_FACE ( 'NONE', ( #358 ), #1659, .T. ) ;
#144 = VERTEX_POINT ( 'NONE', #1320 ) ;
#145 = VECTOR ( 'NONE', #937, 1000.000000000000227 ) ;
#146 = EDGE_CURVE ( 'NONE', #996, #205, #1021, .T. ) ;
#147 = DIRECTION ( 'NONE',  ( -0.000000000000000000, -0.000000000000000000, -1.000000000000000000 ) ) ;
#148 = VECTOR ( 'NONE', #1248, 1000.000000000000000 ) ;
#149 = DIRECTION ( 'NONE',  ( 1.084202172485502541E-14, 1.000000000000000000, -0.000000000000000000 ) ) ;
#150 = DIRECTION ( 'NONE',  ( -1.000000000000000000, 2.168404344971008868E-15, -0.000000000000000000 ) ) ;
#151 = ORIENTED_EDGE ( 'NONE', *, *, #1150, .T. ) ;
#152 = CARTESIAN_POINT ( 'NONE',  ( 8.999999999999909406, -13.00000000000006217, 300.0000000000000000 ) ) ;
#153 = EDGE_LOOP ( 'NONE', ( #538, #102, #1295, #1157 ) ) ;
#154 = CARTESIAN_POINT ( 'NONE',  ( 0.000000000000000000, 0.000000000000000000, 0.000000000000000000 ) ) ;
#155 = VERTEX_POINT ( 'NONE', #1677 ) ;
#156 = CARTESIAN_POINT ( 'NONE',  ( -14.00000000000015454, -13.99999999999985079, 0.000000000000000000 ) ) ;
#157 = ADVANCED_FACE ( 'NONE', ( #1508 ), #1472, .F. ) ;
#158 = LINE ( 'NONE', #1797, #694 ) ;
#159 = CARTESIAN_POINT ( 'NONE',  ( -4.849999999999999645, 15.00000000000000000, 300.0000000000000000 ) ) ;
#160 = VERTEX_POINT ( 'NONE', #1155 ) ;
#161 = LINE ( 'NONE', #1638, #1325 ) ;
#162 = VECTOR ( 'NONE', #2030, 1000.000000000000000 ) ;
#163 = ORIENTED_EDGE ( 'NONE', *, *, #1743, .F. ) ;
#164 = DIRECTION ( 'NONE',  ( 0.000000000000000000, 0.000000000000000000, 1.000000000000000000 ) ) ;
#165 = ORIENTED_EDGE ( 'NONE', *, *, #1758, .F. ) ;
#166 = VERTEX_POINT ( 'NONE', #246 ) ;
#167 = LINE ( 'NONE', #1296, #1088 ) ;
#168 = LINE ( 'NONE', #1318, #963 ) ;
#169 = AXIS2_PLACEMENT_3D ( 'NONE', #1943, #293, #1257 ) ;
#170 = EDGE_CURVE ( 'NONE', #918, #1652, #1395, .T. ) ;
#171 = DIRECTION ( 'NONE',  ( -0.000000000000000000, -0.000000000000000000, -1.000000000000000000 ) ) ;
#172 = PLANE ( 'NONE',  #679 ) ;
#173 = ORIENTED_EDGE ( 'NONE', *, *, #1254, .F. ) ;
#174 = DIRECTION ( 'NONE',  ( 1.000000000000000000, 0.000000000000000000, 0.000000000000000000 ) ) ;
#175 = ORIENTED_EDGE ( 'NONE', *, *, #1596, .F. ) ;
#176 = EDGE_CURVE ( 'NONE', #160, #1522, #92, .T. ) ;
#177 = CARTESIAN_POINT ( 'NONE',  ( 9.000000000000049738, 14.99999999999996803, 0.000000000000000000 ) ) ;
#178 = VERTEX_POINT ( 'NONE', #1200 ) ;
#179 = VERTEX_POINT ( 'NONE', #79 ) ;
#180 = VERTEX_POINT ( 'NONE', #2017 ) ;
#181 = LINE ( 'NONE', #808, #1653 ) ;
#182 = CARTESIAN_POINT ( 'NONE',  ( 4.849999999999908162, -13.00000000000003375, 0.000000000000000000 ) ) ;
#183 = CARTESIAN_POINT ( 'NONE',  ( -5.250000000000000000, 3.849928573250637420, 300.0000000000000000 ) ) ;
#184 = EDGE_CURVE ( 'NONE', #1699, #228, #588, .T. ) ;
#185 = CARTESIAN_POINT ( 'NONE',  ( 13.00000000000003020, 8.999999999999953815, 300.0000000000000000 ) ) ;
#186 = CARTESIAN_POINT ( 'NONE',  ( -14.00000000000015454, -13.99999999999985079, 300.0000000000000000 ) ) ;
#187 = EDGE_CURVE ( 'NONE', #1691, #353, #417, .T. ) ;
#188 = ORIENTED_EDGE ( 'NONE', *, *, #53, .F. ) ;
#189 = VECTOR ( 'NONE', #200, 1000.000000000000000 ) ;
#190 = VERTEX_POINT ( 'NONE', #2066 ) ;
#191 = DIRECTION ( 'NONE',  ( -1.000000000000000000, 1.040834085586085046E-14, -0.000000000000000000 ) ) ;
#192 = DIRECTION ( 'NONE',  ( -0.7071067811865474617, -0.7071067811865475727, 0.000000000000000000 ) ) ;
#193 = DIRECTION ( 'NONE',  ( 3.758567531283081775E-15, 1.000000000000000000, -0.000000000000000000 ) ) ;
#194 = CARTESIAN_POINT ( 'NONE',  ( -9.000000000000104805, -10.40007142674926754, 0.000000000000000000 ) ) ;
#195 = DIRECTION ( 'NONE',  ( -0.000000000000000000, -0.000000000000000000, -1.000000000000000000 ) ) ;
#196 = EDGE_LOOP ( 'NONE', ( #1352, #58, #1140, #1232 ) ) ;
#197 = ORIENTED_EDGE ( 'NONE', *, *, #1818, .T. ) ;
#198 = EDGE_CURVE ( 'NONE', #155, #1970, #903, .T. ) ;
#199 = CARTESIAN_POINT ( 'NONE',  ( -4.849999999999999645, 13.00000000000000000, 300.0000000000000000 ) ) ;
#200 = DIRECTION ( 'NONE',  ( -6.672196666571954881E-15, -1.000000000000000000, -0.000000000000000000 ) ) ;
#201 = CARTESIAN_POINT ( 'NONE',  ( 14.99999999999996447, -4.850000000000102673, 300.0000000000000000 ) ) ;
#202 = VECTOR ( 'NONE', #1625, 1000.000000000000000 ) ;
#203 = CARTESIAN_POINT ( 'NONE',  ( 14.00000000000003553, 9.999999999999950262, 300.0000000000000000 ) ) ;
#204 = CARTESIAN_POINT ( 'NONE',  ( -9.000000000000133227, -12.99999999999990763, 300.0000000000000000 ) ) ;
#205 = VERTEX_POINT ( 'NONE', #231 ) ;
#206 = ORIENTED_EDGE ( 'NONE', *, *, #771, .T. ) ;
#207 = EDGE_CURVE ( 'NONE', #1954, #1188, #1866, .T. ) ;
#208 = EDGE_CURVE ( 'NONE', #1060, #1268, #1382, .T. ) ;
#209 = ORIENTED_EDGE ( 'NONE', *, *, #702, .T. ) ;
#210 = PLANE ( 'NONE',  #2026 ) ;
#211 = DIRECTION ( 'NONE',  ( 1.000000000000000000, -3.344045254895049987E-15, 0.000000000000000000 ) ) ;
#212 = AXIS2_PLACEMENT_3D ( 'NONE', #1102, #1281, #1429 ) ;
#213 = DIRECTION ( 'NONE',  ( 1.000000000000000000, -3.469446951953614189E-15, 0.000000000000000000 ) ) ;
#214 = CARTESIAN_POINT ( 'NONE',  ( 10.00000000000003553, 9.999999999999964473, 300.0000000000000000 ) ) ;
#215 = ORIENTED_EDGE ( 'NONE', *, *, #208, .F. ) ;
#216 = CARTESIAN_POINT ( 'NONE',  ( -13.00000000000009059, -8.999999999999863221, 300.0000000000000000 ) ) ;
#217 = VECTOR ( 'NONE', #1736, 1000.000000000000000 ) ;
#218 = UNCERTAINTY_MEASURE_WITH_UNIT (LENGTH_MEASURE( 1.000000000000000082E-05 ), #764, 'distance_accuracy_value', 'NONE');
#219 = ORIENTED_EDGE ( 'NONE', *, *, #898, .F. ) ;
#220 = DIRECTION ( 'NONE',  ( 0.7071067811865500152, 0.7071067811865451302, -0.000000000000000000 ) ) ;
#221 = LINE ( 'NONE', #1356, #1914 ) ;
#222 = EDGE_CURVE ( 'NONE', #1576, #901, #1038, .T. ) ;
#223 = CARTESIAN_POINT ( 'NONE',  ( -15.00000000000000000, 4.849999999999997868, 300.0000000000000000 ) ) ;
#224 = CARTESIAN_POINT ( 'NONE',  ( 13.99999999999992895, -10.00000000000009770, 300.0000000000000000 ) ) ;
#225 = ORIENTED_EDGE ( 'NONE', *, *, #146, .F. ) ;
#226 = PLANE ( 'NONE',  #1874 ) ;
#227 = EDGE_LOOP ( 'NONE', ( #427, #18, #671, #399 ) ) ;
#228 = VERTEX_POINT ( 'NONE', #1247 ) ;
#229 = ORIENTED_EDGE ( 'NONE', *, *, #132, .T. ) ;
#230 = CARTESIAN_POINT ( 'NONE',  ( 13.99999999999992895, -10.00000000000009770, 300.0000000000000000 ) ) ;
#231 = CARTESIAN_POINT ( 'NONE',  ( 4.849999999999893951, -15.00000000000003375, 0.000000000000000000 ) ) ;
#232 = LINE ( 'NONE', #880, #491 ) ;
#233 = EDGE_CURVE ( 'NONE', #190, #2085, #601, .T. ) ;
#234 = LINE ( 'NONE', #432, #1346 ) ;
#235 = VECTOR ( 'NONE', #711, 1000.000000000000000 ) ;
#236 = ORIENTED_EDGE ( 'NONE', *, *, #283, .F. ) ;
#237 = CARTESIAN_POINT ( 'NONE',  ( 13.99999999999990052, -14.00000000000010658, 300.0000000000000000 ) ) ;
#238 = EDGE_CURVE ( 'NONE', #466, #1671, #1367, .T. ) ;
#239 = VECTOR ( 'NONE', #1256, 1000.000000000000000 ) ;
#240 = ORIENTED_EDGE ( 'NONE', *, *, #1122, .F. ) ;
#241 = VECTOR ( 'NONE', #977, 1000.000000000000000 ) ;
#242 = ORIENTED_EDGE ( 'NONE', *, *, #1225, .T. ) ;
#243 = AXIS2_PLACEMENT_3D ( 'NONE', #948, #317, #802 ) ;
#244 = ORIENTED_EDGE ( 'NONE', *, *, #1436, .T. ) ;
#245 = LINE ( 'NONE', #1246, #462 ) ;
#246 = CARTESIAN_POINT ( 'NONE',  ( -13.00000000000004974, -4.849999999999862865, 0.000000000000000000 ) ) ;
#247 = CARTESIAN_POINT ( 'NONE',  ( -3.849928573250691599, -5.249999999999960032, 300.0000000000000000 ) ) ;
#248 = CARTESIAN_POINT ( 'NONE',  ( -15.00000000000000000, 4.849999999999997868, 300.0000000000000000 ) ) ;
#249 = ORIENTED_EDGE ( 'NONE', *, *, #619, .T. ) ;
#250 = CARTESIAN_POINT ( 'NONE',  ( 9.999999999999900524, -14.00000000000007105, 300.0000000000000000 ) ) ;
#251 = PLANE ( 'NONE',  #1982 ) ;
#252 = VERTEX_POINT ( 'NONE', #105 ) ;
#253 = EDGE_CURVE ( 'NONE', #969, #1097, #1064, .T. ) ;
#254 = EDGE_LOOP ( 'NONE', ( #2025, #1860, #38, #2 ) ) ;
#255 = VECTOR ( 'NONE', #80, 1000.000000000000000 ) ;
#256 = AXIS2_PLACEMENT_3D ( 'NONE', #476, #1951, #9 ) ;
#257 = ORIENTED_EDGE ( 'NONE', *, *, #2097, .T. ) ;
#258 = ORIENTED_EDGE ( 'NONE', *, *, #309, .T. ) ;
#259 = DIRECTION ( 'NONE',  ( -1.301042606982605321E-14, -1.000000000000000000, -0.000000000000000000 ) ) ;
#260 = CARTESIAN_POINT ( 'NONE',  ( 9.000000000000042633, 12.99999999999996980, 300.0000000000000000 ) ) ;
#261 = LINE ( 'NONE', #720, #255 ) ;
#262 = LINE ( 'NONE', #2042, #439 ) ;
#263 = ORIENTED_EDGE ( 'NONE', *, *, #109, .F. ) ;
#264 = CARTESIAN_POINT ( 'NONE',  ( 15.00000000000002842, 8.999999999999946709, 300.0000000000000000 ) ) ;
#265 = DIRECTION ( 'NONE',  ( -0.000000000000000000, -0.000000000000000000, -1.000000000000000000 ) ) ;
#266 = ORIENTED_EDGE ( 'NONE', *, *, #1766, .T. ) ;
#267 = ORIENTED_EDGE ( 'NONE', *, *, #2124, .F. ) ;
#268 = EDGE_CURVE ( 'NONE', #1333, #301, #1048, .T. ) ;
#269 = ORIENTED_EDGE ( 'NONE', *, *, #449, .T. ) ;
#270 = EDGE_CURVE ( 'NONE', #570, #1671, #1695, .T. ) ;
#271 = LINE ( 'NONE', #91, #312 ) ;
#272 = CARTESIAN_POINT ( 'NONE',  ( 12.99999999999993783, -9.000000000000087041, 0.000000000000000000 ) ) ;
#273 = CARTESIAN_POINT ( 'NONE',  ( 13.99999999999990052, -14.00000000000010836, 0.000000000000000000 ) ) ;
#274 = CARTESIAN_POINT ( 'NONE',  ( -9.000000000000000000, 10.40007142674936347, 0.000000000000000000 ) ) ;
#275 = ORIENTED_EDGE ( 'NONE', *, *, #486, .T. ) ;
#276 = LINE ( 'NONE', #789, #478 ) ;
#277 = FACE_OUTER_BOUND ( 'NONE', #292, .T. ) ;
#278 = ORIENTED_EDGE ( 'NONE', *, *, #2111, .T. ) ;
#279 = EDGE_LOOP ( 'NONE', ( #1303, #219, #1054, #1512 ) ) ;
#280 = VECTOR ( 'NONE', #2029, 1000.000000000000000 ) ;
#281 = VECTOR ( 'NONE', #2054, 1000.000000000000000 ) ;
#282 = ORIENTED_EDGE ( 'NONE', *, *, #713, .T. ) ;
#283 = EDGE_CURVE ( 'NONE', #428, #550, #402, .T. ) ;
#284 = CARTESIAN_POINT ( 'NONE',  ( 15.00000000000001599, 4.849999999999947242, 0.000000000000000000 ) ) ;
#285 = CARTESIAN_POINT ( 'NONE',  ( -10.40007142674936169, 8.999999999999998224, 300.0000000000000000 ) ) ;
#286 = ADVANCED_FACE ( 'NONE', ( #742 ), #753, .T. ) ;
#287 = CARTESIAN_POINT ( 'NONE',  ( 14.99999999999996447, -4.850000000000102673, 0.000000000000000000 ) ) ;
#288 = LINE ( 'NONE', #1698, #420 ) ;
#289 = EDGE_LOOP ( 'NONE', ( #11, #1147, #1180, #803 ) ) ;
#290 = DIRECTION ( 'NONE',  ( -2.168404344971008868E-15, -1.000000000000000000, 0.000000000000000000 ) ) ;
#291 = DIRECTION ( 'NONE',  ( 1.040834085586085046E-14, 1.000000000000000000, 0.000000000000000000 ) ) ;
#292 = EDGE_LOOP ( 'NONE', ( #1689, #909, #1812, #1008 ) ) ;
#293 = DIRECTION ( 'NONE',  ( -3.469446951953606300E-15, -1.000000000000000000, 0.000000000000000000 ) ) ;
#294 = VECTOR ( 'NONE', #1685, 1000.000000000000000 ) ;
#295 = FACE_OUTER_BOUND ( 'NONE', #1036, .T. ) ;
#296 = EDGE_CURVE ( 'NONE', #1045, #1631, #384, .T. ) ;
#297 = DIRECTION ( 'NONE',  ( 1.000000000000000000, -3.469446951953616950E-15, 0.000000000000000000 ) ) ;
#298 = ORIENTED_EDGE ( 'NONE', *, *, #122, .F. ) ;
#299 = CARTESIAN_POINT ( 'NONE',  ( -9.999999999999998224, 14.00000000000000178, 300.0000000000000000 ) ) ;
#300 = DIRECTION ( 'NONE',  ( -1.000000000000000000, 0.000000000000000000, 0.000000000000000000 ) ) ;
#301 = VERTEX_POINT ( 'NONE', #2028 ) ;
#302 = DIRECTION ( 'NONE',  ( 0.7071067811865474617, 0.7071067811865475727, -0.000000000000000000 ) ) ;
#303 = DIRECTION ( 'NONE',  ( -0.7071067811865547892, -0.7071067811865402453, 0.000000000000000000 ) ) ;
#304 = LINE ( 'NONE', #2091, #791 ) ;
#305 = EDGE_CURVE ( 'NONE', #466, #1699, #221, .T. ) ;
#306 = ORIENTED_EDGE ( 'NONE', *, *, #2084, .T. ) ;
#307 = CARTESIAN_POINT ( 'NONE',  ( 14.00000000000005684, 13.99999999999995026, 0.000000000000000000 ) ) ;
#308 = DIRECTION ( 'NONE',  ( -0.000000000000000000, -0.000000000000000000, -1.000000000000000000 ) ) ;
#309 = EDGE_CURVE ( 'NONE', #179, #100, #1555, .T. ) ;
#310 = ORIENTED_EDGE ( 'NONE', *, *, #10, .T. ) ;
#311 = VECTOR ( 'NONE', #1909, 1000.000000000000000 ) ;
#312 = VECTOR ( 'NONE', #259, 1000.000000000000000 ) ;
#313 = LINE ( 'NONE', #463, #148 ) ;
#314 = CARTESIAN_POINT ( 'NONE',  ( 15.00000000000001599, 4.849999999999947242, 0.000000000000000000 ) ) ;
#315 = ORIENTED_EDGE ( 'NONE', *, *, #1178, .T. ) ;
#316 = CARTESIAN_POINT ( 'NONE',  ( 5.250000000000013323, 3.849928573250616992, 300.0000000000000000 ) ) ;
#317 = DIRECTION ( 'NONE',  ( 0.7071067811865451302, -0.7071067811865499042, 0.000000000000000000 ) ) ;
#318 = PRODUCT ( 'base', 'base', '', ( #1505 ) ) ;
#319 = ADVANCED_FACE ( 'NONE', ( #1099 ), #640, .F. ) ;
#320 = ORIENTED_EDGE ( 'NONE', *, *, #1169, .T. ) ;
#321 = VECTOR ( 'NONE', #171, 1000.000000000000000 ) ;
#322 = CARTESIAN_POINT ( 'NONE',  ( 9.000000000000033751, 10.40007142674933149, 0.000000000000000000 ) ) ;
#323 =( GEOMETRIC_REPRESENTATION_CONTEXT ( 3 ) GLOBAL_UNCERTAINTY_ASSIGNED_CONTEXT ( ( #1516 ) ) GLOBAL_UNIT_ASSIGNED_CONTEXT ( ( #1828, #2120, #1976 ) ) REPRESENTATION_CONTEXT ( 'NONE', 'WORKASPACE' ) );
#324 = CARTESIAN_POINT ( 'NONE',  ( -15.00000000000004796, -4.849999999999842437, 300.0000000000000000 ) ) ;
#325 = DIRECTION ( 'NONE',  ( -0.000000000000000000, -0.000000000000000000, -1.000000000000000000 ) ) ;
#326 = ORIENTED_EDGE ( 'NONE', *, *, #1195, .F. ) ;
#327 = FACE_BOUND ( 'NONE', #768, .T. ) ;
#328 = ORIENTED_EDGE ( 'NONE', *, *, #1026, .F. ) ;
#329 = CARTESIAN_POINT ( 'NONE',  ( 3.849928573250655628, 5.249999999999987566, 300.0000000000000000 ) ) ;
#330 = ORIENTED_EDGE ( 'NONE', *, *, #678, .T. ) ;
#331 = ADVANCED_FACE ( 'NONE', ( #1285 ), #953, .T. ) ;
#332 = CARTESIAN_POINT ( 'NONE',  ( -10.40007142674945584, -8.999999999999889866, 0.000000000000000000 ) ) ;
#333 = EDGE_CURVE ( 'NONE', #340, #729, #1748, .T. ) ;
#334 = DIRECTION ( 'NONE',  ( 1.000000000000000000, -3.469446951953614189E-15, -0.000000000000000000 ) ) ;
#335 = DIRECTION ( 'NONE',  ( -0.000000000000000000, -0.000000000000000000, -1.000000000000000000 ) ) ;
#336 = VERTEX_POINT ( 'NONE', #1580 ) ;
#337 = LINE ( 'NONE', #1310, #745 ) ;
#338 = EDGE_LOOP ( 'NONE', ( #1071, #1350, #813, #1851 ) ) ;
#339 = LINE ( 'NONE', #1627, #1827 ) ;
#340 = VERTEX_POINT ( 'NONE', #785 ) ;
#341 = VECTOR ( 'NONE', #769, 1000.000000000000114 ) ;
#342 = CARTESIAN_POINT ( 'NONE',  ( -9.999999999999998224, 14.00000000000000000, 0.000000000000000000 ) ) ;
#343 = ADVANCED_FACE ( 'NONE', ( #1439 ), #136, .F. ) ;
#344 = CARTESIAN_POINT ( 'NONE',  ( -9.000000000000133227, -12.99999999999990763, 300.0000000000000000 ) ) ;
#345 = VECTOR ( 'NONE', #1222, 1000.000000000000000 ) ;
#346 = CARTESIAN_POINT ( 'NONE',  ( 9.999999999999900524, -14.00000000000006928, 0.000000000000000000 ) ) ;
#347 = PLANE ( 'NONE',  #845 ) ;
#348 = EDGE_CURVE ( 'NONE', #1551, #428, #441, .T. ) ;
#349 = DIRECTION ( 'NONE',  ( 1.000000000000000000, 0.000000000000000000, 0.000000000000000000 ) ) ;
#350 = VECTOR ( 'NONE', #2118, 1000.000000000000000 ) ;
#351 = VERTEX_POINT ( 'NONE', #125 ) ;
#352 = DIRECTION ( 'NONE',  ( 1.000000000000000000, 0.000000000000000000, 0.000000000000000000 ) ) ;
#353 = VERTEX_POINT ( 'NONE', #2107 ) ;
#354 = VERTEX_POINT ( 'NONE', #1449 ) ;
#355 = ORIENTED_EDGE ( 'NONE', *, *, #1152, .F. ) ;
#356 = EDGE_CURVE ( 'NONE', #1768, #1103, #2098, .T. ) ;
#357 = CARTESIAN_POINT ( 'NONE',  ( -13.99999999999999822, 14.00000000000001066, 0.000000000000000000 ) ) ;
#358 = FACE_OUTER_BOUND ( 'NONE', #826, .T. ) ;
#359 = CARTESIAN_POINT ( 'NONE',  ( -10.00000000000010303, -9.999999999999895195, 0.000000000000000000 ) ) ;
#360 = EDGE_CURVE ( 'NONE', #717, #1399, #1784, .T. ) ;
#361 = VECTOR ( 'NONE', #1688, 1000.000000000000000 ) ;
#362 = FACE_OUTER_BOUND ( 'NONE', #546, .T. ) ;
#363 = MANIFOLD_SOLID_BREP ( 'Boss-Extrude1', #2007 ) ;
#364 = ORIENTED_EDGE ( 'NONE', *, *, #858, .F. ) ;
#365 = ORIENTED_EDGE ( 'NONE', *, *, #1842, .F. ) ;
#366 = LINE ( 'NONE', #1517, #854 ) ;
#367 = FACE_OUTER_BOUND ( 'NONE', #853, .T. ) ;
#368 = CARTESIAN_POINT ( 'NONE',  ( 14.00000000000005684, 13.99999999999995026, 300.0000000000000000 ) ) ;
#369 = CARTESIAN_POINT ( 'NONE',  ( 4.850000000000042277, 12.99999999999998401, 300.0000000000000000 ) ) ;
#370 = ADVANCED_FACE ( 'NONE', ( #1110 ), #1426, .F. ) ;
#371 = ORIENTED_EDGE ( 'NONE', *, *, #40, .T. ) ;
#372 = VECTOR ( 'NONE', #193, 1000.000000000000000 ) ;
#373 = SHAPE_DEFINITION_REPRESENTATION ( #2112, #1515 ) ;
#374 = LINE ( 'NONE', #1319, #1371 ) ;
#375 = DIRECTION ( 'NONE',  ( -0.000000000000000000, -0.000000000000000000, -1.000000000000000000 ) ) ;
#376 = VECTOR ( 'NONE', #907, 1000.000000000000000 ) ;
#377 = DIRECTION ( 'NONE',  ( -0.000000000000000000, -0.000000000000000000, -1.000000000000000000 ) ) ;
#378 = LINE ( 'NONE', #186, #1654 ) ;
#379 = EDGE_LOOP ( 'NONE', ( #1922, #36, #1642, #258 ) ) ;
#380 = VERTEX_POINT ( 'NONE', #1924 ) ;
#381 = EDGE_CURVE ( 'NONE', #923, #1359, #1597, .T. ) ;
#382 = VERTEX_POINT ( 'NONE', #322 ) ;
#383 = CARTESIAN_POINT ( 'NONE',  ( -4.850000000000153300, -14.99999999999994849, 300.0000000000000000 ) ) ;
#384 = LINE ( 'NONE', #1686, #1747 ) ;
#385 = DIRECTION ( 'NONE',  ( 6.938893903907213389E-15, 1.000000000000000000, 0.000000000000000000 ) ) ;
#386 = DIRECTION ( 'NONE',  ( -0.000000000000000000, -0.000000000000000000, -1.000000000000000000 ) ) ;
#387 = ORIENTED_EDGE ( 'NONE', *, *, #1128, .T. ) ;
#388 = DIRECTION ( 'NONE',  ( -0.000000000000000000, -0.000000000000000000, -1.000000000000000000 ) ) ;
#389 = VECTOR ( 'NONE', #14, 1000.000000000000000 ) ;
#390 = EDGE_CURVE ( 'NONE', #522, #1389, #1773, .T. ) ;
#391 = ORIENTED_EDGE ( 'NONE', *, *, #1806, .T. ) ;
#392 = CARTESIAN_POINT ( 'NONE',  ( -15.00000000000000000, 15.00000000000000000, 300.0000000000000000 ) ) ;
#393 = DIRECTION ( 'NONE',  ( -1.000000000000000000, -4.180056568618812977E-16, -0.000000000000000000 ) ) ;
#394 = CARTESIAN_POINT ( 'NONE',  ( 12.99999999999993783, -9.000000000000087041, 300.0000000000000000 ) ) ;
#395 = CARTESIAN_POINT ( 'NONE',  ( 13.99999999999990052, -14.00000000000010658, 0.000000000000000000 ) ) ;
#396 = ORIENTED_EDGE ( 'NONE', *, *, #767, .T. ) ;
#397 = DIRECTION ( 'NONE',  ( 0.000000000000000000, -1.000000000000000000, 0.000000000000000000 ) ) ;
#398 = ORIENTED_EDGE ( 'NONE', *, *, #1548, .T. ) ;
#399 = ORIENTED_EDGE ( 'NONE', *, *, #170, .T. ) ;
#400 = EDGE_CURVE ( 'NONE', #82, #1804, #450, .T. ) ;
#401 = FACE_BOUND ( 'NONE', #2071, .T. ) ;
#402 = LINE ( 'NONE', #719, #1468 ) ;
#403 = CARTESIAN_POINT ( 'NONE',  ( -13.00000000000009059, -8.999999999999863221, 0.000000000000000000 ) ) ;
#404 = EDGE_CURVE ( 'NONE', #852, #1452, #646, .T. ) ;
#405 = CARTESIAN_POINT ( 'NONE',  ( 9.000000000000042633, 12.99999999999996980, 300.0000000000000000 ) ) ;
#406 = VECTOR ( 'NONE', #1176, 1000.000000000000000 ) ;
#407 = VECTOR ( 'NONE', #1999, 1000.000000000000000 ) ;
#408 = ORIENTED_EDGE ( 'NONE', *, *, #1963, .F. ) ;
#409 = DIRECTION ( 'NONE',  ( 1.000000000000000000, -2.891205793294678326E-16, 0.000000000000000000 ) ) ;
#410 = VECTOR ( 'NONE', #265, 1000.000000000000000 ) ;
#411 = PLANE ( 'NONE',  #1049 ) ;
#412 = EDGE_LOOP ( 'NONE', ( #843, #1024, #1628, #1042 ) ) ;
#413 = AXIS2_PLACEMENT_3D ( 'NONE', #2089, #623, #1269 ) ;
#414 = ORIENTED_EDGE ( 'NONE', *, *, #333, .T. ) ;
#415 = ORIENTED_EDGE ( 'NONE', *, *, #1533, .F. ) ;
#416 = DIRECTION ( 'NONE',  ( 1.000000000000000000, -3.469446951953614189E-15, -0.000000000000000000 ) ) ;
#417 = LINE ( 'NONE', #51, #1526 ) ;
#418 = CARTESIAN_POINT ( 'NONE',  ( -9.000000000000000000, 13.00000000000000000, 300.0000000000000000 ) ) ;
#419 = LINE ( 'NONE', #603, #1681 ) ;
#420 = VECTOR ( 'NONE', #881, 1000.000000000000000 ) ;
#421 = EDGE_CURVE ( 'NONE', #160, #1218, #1940, .T. ) ;
#422 = ORIENTED_EDGE ( 'NONE', *, *, #642, .F. ) ;
#423 = CARTESIAN_POINT ( 'NONE',  ( -15.00000000000000000, 4.849999999999997868, 0.000000000000000000 ) ) ;
#424 = DIRECTION ( 'NONE',  ( 0.000000000000000000, -1.000000000000000000, 0.000000000000000000 ) ) ;
#425 = ORIENTED_EDGE ( 'NONE', *, *, #1729, .T. ) ;
#426 = VECTOR ( 'NONE', #385, 1000.000000000000000 ) ;
#427 = ORIENTED_EDGE ( 'NONE', *, *, #501, .T. ) ;
#428 = VERTEX_POINT ( 'NONE', #790 ) ;
#429 = CARTESIAN_POINT ( 'NONE',  ( -4.850000000000153300, -14.99999999999994849, 0.000000000000000000 ) ) ;
#430 = DIRECTION ( 'NONE',  ( 0.7071067811865426878, -0.7071067811865524577, -0.000000000000000000 ) ) ;
#431 = DIRECTION ( 'NONE',  ( -1.000000000000000000, 6.672196666571946204E-15, 0.000000000000000000 ) ) ;
#432 = CARTESIAN_POINT ( 'NONE',  ( -13.00000000000009059, -8.999999999999863221, 300.0000000000000000 ) ) ;
#433 = ORIENTED_EDGE ( 'NONE', *, *, #198, .T. ) ;
#434 = LINE ( 'NONE', #237, #135 ) ;
#435 = CARTESIAN_POINT ( 'NONE',  ( 12.99999999999993783, -9.000000000000087041, 0.000000000000000000 ) ) ;
#436 = EDGE_CURVE ( 'NONE', #772, #1551, #142, .T. ) ;
#437 = ORIENTED_EDGE ( 'NONE', *, *, #834, .T. ) ;
#438 = ORIENTED_EDGE ( 'NONE', *, *, #471, .F. ) ;
#439 = VECTOR ( 'NONE', #119, 1000.000000000000000 ) ;
#440 = CARTESIAN_POINT ( 'NONE',  ( 13.00000000000001599, 4.849999999999954348, 300.0000000000000000 ) ) ;
#441 = LINE ( 'NONE', #934, #1053 ) ;
#442 = CARTESIAN_POINT ( 'NONE',  ( -9.000000000000104805, -10.40007142674926754, 300.0000000000000000 ) ) ;
#443 = DIRECTION ( 'NONE',  ( -0.7071067811865475727, 0.7071067811865474617, -0.000000000000000000 ) ) ;
#444 = ORIENTED_EDGE ( 'NONE', *, *, #238, .F. ) ;
#445 = CARTESIAN_POINT ( 'NONE',  ( -4.849999999999999645, 15.00000000000000000, 300.0000000000000000 ) ) ;
#446 = CARTESIAN_POINT ( 'NONE',  ( 8.999999999999927169, -10.40007142674942564, 300.0000000000000000 ) ) ;
#447 = VECTOR ( 'NONE', #1764, 1000.000000000000000 ) ;
#448 = ORIENTED_EDGE ( 'NONE', *, *, #608, .F. ) ;
#449 = EDGE_CURVE ( 'NONE', #178, #566, #1813, .T. ) ;
#450 = CIRCLE ( 'NONE', #1816, 2.500000000000000000 ) ;
#451 = CARTESIAN_POINT ( 'NONE',  ( 4.849999999999893951, -15.00000000000003375, 300.0000000000000000 ) ) ;
#452 = DIRECTION ( 'NONE',  ( -1.000000000000000000, 3.758567531283081775E-15, 0.000000000000000000 ) ) ;
#453 = DIRECTION ( 'NONE',  ( -1.000000000000000000, 3.344045254895049987E-15, 0.000000000000000000 ) ) ;
#454 = ORIENTED_EDGE ( 'NONE', *, *, #524, .T. ) ;
#455 = PLANE ( 'NONE',  #134 ) ;
#456 = DIRECTION ( 'NONE',  ( -2.891205793294678326E-16, -1.000000000000000000, 0.000000000000000000 ) ) ;
#457 = ORIENTED_EDGE ( 'NONE', *, *, #1152, .T. ) ;
#458 = CIRCLE ( 'NONE', #859, 2.500000000000000000 ) ;
#459 = VECTOR ( 'NONE', #1640, 1000.000000000000000 ) ;
#460 = CARTESIAN_POINT ( 'NONE',  ( -9.000000000000000000, 13.00000000000000000, 300.0000000000000000 ) ) ;
#461 = ADVANCED_FACE ( 'NONE', ( #1148 ), #824, .F. ) ;
#462 = VECTOR ( 'NONE', #587, 1000.000000000000000 ) ;
#463 = CARTESIAN_POINT ( 'NONE',  ( -9.000000000000000000, 13.00000000000000000, 300.0000000000000000 ) ) ;
#464 = LINE ( 'NONE', #1767, #145 ) ;
#465 = EDGE_CURVE ( 'NONE', #1315, #597, #1791, .T. ) ;
#466 = VERTEX_POINT ( 'NONE', #1455 ) ;
#467 = CARTESIAN_POINT ( 'NONE',  ( -13.00000000000009059, -8.999999999999863221, 300.0000000000000000 ) ) ;
#468 = CARTESIAN_POINT ( 'NONE',  ( 14.99999999999996447, -4.850000000000102673, 300.0000000000000000 ) ) ;
#469 = ORIENTED_EDGE ( 'NONE', *, *, #1244, .F. ) ;
#470 = DIRECTION ( 'NONE',  ( 1.000000000000000000, -1.098658201451977774E-14, 0.000000000000000000 ) ) ;
#471 = EDGE_CURVE ( 'NONE', #1385, #978, #1284, .T. ) ;
#472 = DIRECTION ( 'NONE',  ( 3.469446951953616950E-15, 1.000000000000000000, 0.000000000000000000 ) ) ;
#473 = VERTEX_POINT ( 'NONE', #1467 ) ;
#474 = DIRECTION ( 'NONE',  ( -0.000000000000000000, 1.000000000000000000, -0.000000000000000000 ) ) ;
#475 = ADVANCED_FACE ( 'NONE', ( #1116 ), #658, .F. ) ;
#476 = CARTESIAN_POINT ( 'NONE',  ( 0.000000000000000000, 0.000000000000000000, 300.0000000000000000 ) ) ;
#477 = ORIENTED_EDGE ( 'NONE', *, *, #1520, .T. ) ;
#478 = VECTOR ( 'NONE', #1443, 1000.000000000000000 ) ;
#479 = CARTESIAN_POINT ( 'NONE',  ( 4.850000000000049383, 14.99999999999998224, 300.0000000000000000 ) ) ;
#480 = CARTESIAN_POINT ( 'NONE',  ( 12.99999999999996625, -4.850000000000088463, 300.0000000000000000 ) ) ;
#481 = LINE ( 'NONE', #1471, #1887 ) ;
#482 = ORIENTED_EDGE ( 'NONE', *, *, #44, .F. ) ;
#483 = CYLINDRICAL_SURFACE ( 'NONE', #1599, 2.500000000000000000 ) ;
#484 = EDGE_LOOP ( 'NONE', ( #1839, #2037, #1792, #1073 ) ) ;
#485 = LINE ( 'NONE', #981, #528 ) ;
#486 = EDGE_CURVE ( 'NONE', #1385, #772, #1126, .T. ) ;
#487 = VERTEX_POINT ( 'NONE', #1292 ) ;
#488 = ADVANCED_FACE ( 'NONE', ( #959 ), #497, .F. ) ;
#489 = AXIS2_PLACEMENT_3D ( 'NONE', #1238, #1249, #787 ) ;
#490 = LINE ( 'NONE', #1164, #1119 ) ;
#491 = VECTOR ( 'NONE', #1531, 1000.000000000000000 ) ;
#492 = CARTESIAN_POINT ( 'NONE',  ( -10.00000000000014744, -13.99999999999989519, 0.000000000000000000 ) ) ;
#493 = FACE_OUTER_BOUND ( 'NONE', #1854, .T. ) ;
#494 = ORIENTED_EDGE ( 'NONE', *, *, #898, .T. ) ;
#495 = CARTESIAN_POINT ( 'NONE',  ( -10.00000000000014744, -13.99999999999989519, 300.0000000000000000 ) ) ;
#496 = ORIENTED_EDGE ( 'NONE', *, *, #404, .F. ) ;
#497 = CYLINDRICAL_SURFACE ( 'NONE', #256, 2.500000000000000000 ) ;
#498 = ORIENTED_EDGE ( 'NONE', *, *, #176, .F. ) ;
#499 = EDGE_CURVE ( 'NONE', #1343, #1447, #339, .T. ) ;
#500 = ORIENTED_EDGE ( 'NONE', *, *, #1150, .F. ) ;
#501 = EDGE_CURVE ( 'NONE', #1652, #473, #485, .T. ) ;
#502 = EDGE_LOOP ( 'NONE', ( #1403, #510, #1663, #2063 ) ) ;
#503 = CARTESIAN_POINT ( 'NONE',  ( 12.99999999999993783, -9.000000000000087041, 300.0000000000000000 ) ) ;
#504 = APPLICATION_CONTEXT ( 'automotive_design' ) ;
#505 = LINE ( 'NONE', #1189, #1234 ) ;
#506 = DIRECTION ( 'NONE',  ( -6.938893903907212600E-15, -1.000000000000000000, 0.000000000000000000 ) ) ;
#507 = CARTESIAN_POINT ( 'NONE',  ( -3.849928573250635200, 5.250000000000000000, 300.0000000000000000 ) ) ;
#508 = ORIENTED_EDGE ( 'NONE', *, *, #727, .T. ) ;
#509 = DIRECTION ( 'NONE',  ( 6.672196666571954881E-15, 1.000000000000000000, 0.000000000000000000 ) ) ;
#510 = ORIENTED_EDGE ( 'NONE', *, *, #222, .F. ) ;
#511 = ORIENTED_EDGE ( 'NONE', *, *, #771, .F. ) ;
#512 = AXIS2_PLACEMENT_3D ( 'NONE', #2123, #1331, #527 ) ;
#513 = DIRECTION ( 'NONE',  ( -0.000000000000000000, -0.000000000000000000, -1.000000000000000000 ) ) ;
#514 = EDGE_CURVE ( 'NONE', #1778, #340, #668, .T. ) ;
#515 = VECTOR ( 'NONE', #1417, 1000.000000000000000 ) ;
#516 = DIRECTION ( 'NONE',  ( -0.000000000000000000, -0.000000000000000000, -1.000000000000000000 ) ) ;
#517 = DIRECTION ( 'NONE',  ( -1.000000000000000000, 0.000000000000000000, 0.000000000000000000 ) ) ;
#518 = DIRECTION ( 'NONE',  ( -6.938893903907228378E-15, -1.000000000000000000, -0.000000000000000000 ) ) ;
#519 = DIRECTION ( 'NONE',  ( 1.000000000000000000, 0.000000000000000000, 0.000000000000000000 ) ) ;
#520 = PRESENTATION_LAYER_ASSIGNMENT (  '', '', ( #1644 ) ) ;
#521 = DIRECTION ( 'NONE',  ( -1.000000000000000000, -0.000000000000000000, -0.000000000000000000 ) ) ;
#522 = VERTEX_POINT ( 'NONE', #628 ) ;
#523 = DIRECTION ( 'NONE',  ( -3.344045254895050381E-15, -1.000000000000000000, 0.000000000000000000 ) ) ;
#524 = EDGE_CURVE ( 'NONE', #1759, #729, #1960, .T. ) ;
#525 = CARTESIAN_POINT ( 'NONE',  ( -5.250000000000039080, -3.849928573250580133, 300.0000000000000000 ) ) ;
#526 = DIRECTION ( 'NONE',  ( 3.344045254895049987E-15, 1.000000000000000000, 0.000000000000000000 ) ) ;
#527 = DIRECTION ( 'NONE',  ( 0.7071067811865426878, -0.7071067811865523467, 0.000000000000000000 ) ) ;
#528 = VECTOR ( 'NONE', #1136, 1000.000000000000000 ) ;
#529 = CARTESIAN_POINT ( 'NONE',  ( -3.849928573250635200, 5.250000000000000000, 0.000000000000000000 ) ) ;
#530 = ORIENTED_EDGE ( 'NONE', *, *, #1864, .T. ) ;
#531 = FACE_OUTER_BOUND ( 'NONE', #962, .T. ) ;
#532 = CARTESIAN_POINT ( 'NONE',  ( 10.40007142674929952, -9.000000000000071054, 0.000000000000000000 ) ) ;
#533 = PRODUCT_RELATED_PRODUCT_CATEGORY ( 'part', '', ( #318 ) ) ;
#534 = CARTESIAN_POINT ( 'NONE',  ( -9.000000000000000000, 13.00000000000000000, 300.0000000000000000 ) ) ;
#535 = CARTESIAN_POINT ( 'NONE',  ( 13.99999999999990052, -14.00000000000010658, 300.0000000000000000 ) ) ;
#536 = ADVANCED_FACE ( 'NONE', ( #778 ), #2094, .F. ) ;
#537 = VECTOR ( 'NONE', #1066, 1000.000000000000000 ) ;
#538 = ORIENTED_EDGE ( 'NONE', *, *, #1448, .T. ) ;
#539 = APPLICATION_PROTOCOL_DEFINITION ( 'draft international standard', 'automotive_design', 1998, #504 ) ;
#540 = ORIENTED_EDGE ( 'NONE', *, *, #1017, .T. ) ;
#541 = DIRECTION ( 'NONE',  ( 0.000000000000000000, -0.000000000000000000, 1.000000000000000000 ) ) ;
#542 = CARTESIAN_POINT ( 'NONE',  ( -4.849999999999999645, 15.00000000000000000, 0.000000000000000000 ) ) ;
#543 = AXIS2_PLACEMENT_3D ( 'NONE', #1518, #1569, #1407 ) ;
#544 = PLANE ( 'NONE',  #875 ) ;
#545 = FACE_OUTER_BOUND ( 'NONE', #1803, .T. ) ;
#546 = EDGE_LOOP ( 'NONE', ( #1603, #1123, #1416, #1673 ) ) ;
#547 = DIRECTION ( 'NONE',  ( -0.000000000000000000, 0.000000000000000000, -1.000000000000000000 ) ) ;
#548 = EDGE_CURVE ( 'NONE', #190, #1447, #1158, .T. ) ;
#549 = EDGE_CURVE ( 'NONE', #75, #1503, #1005, .T. ) ;
#550 = VERTEX_POINT ( 'NONE', #1993 ) ;
#551 = LINE ( 'NONE', #1568, #831 ) ;
#552 = DIRECTION ( 'NONE',  ( -1.000000000000000000, 6.688090509790098396E-15, 0.000000000000000000 ) ) ;
#553 = FACE_OUTER_BOUND ( 'NONE', #973, .T. ) ;
#554 = LINE ( 'NONE', #1023, #999 ) ;
#555 = VERTEX_POINT ( 'NONE', #2009 ) ;
#556 = DIRECTION ( 'NONE',  ( 1.000000000000000000, -1.301042606982605321E-14, 0.000000000000000000 ) ) ;
#557 = AXIS2_PLACEMENT_3D ( 'NONE', #224, #1322, #1981 ) ;
#558 = ORIENTED_EDGE ( 'NONE', *, *, #1711, .T. ) ;
#559 = VECTOR ( 'NONE', #1394, 1000.000000000000000 ) ;
#560 = EDGE_CURVE ( 'NONE', #354, #655, #1661, .T. ) ;
#561 = ADVANCED_FACE ( 'NONE', ( #841 ), #676, .T. ) ;
#562 = FACE_OUTER_BOUND ( 'NONE', #1463, .T. ) ;
#563 = DIRECTION ( 'NONE',  ( -1.000000000000000000, 1.084202172485504434E-14, -0.000000000000000000 ) ) ;
#564 = FACE_OUTER_BOUND ( 'NONE', #412, .T. ) ;
#565 = LINE ( 'NONE', #94, #2003 ) ;
#566 = VERTEX_POINT ( 'NONE', #1032 ) ;
#567 = CARTESIAN_POINT ( 'NONE',  ( -13.99999999999999822, 10.00000000000000000, 300.0000000000000000 ) ) ;
#568 = CARTESIAN_POINT ( 'NONE',  ( 9.999999999999928946, -10.00000000000006928, 300.0000000000000000 ) ) ;
#569 = ORIENTED_EDGE ( 'NONE', *, *, #702, .F. ) ;
#570 = VERTEX_POINT ( 'NONE', #1358 ) ;
#571 = ADVANCED_FACE ( 'NONE', ( #545 ), #861, .F. ) ;
#572 = ORIENTED_EDGE ( 'NONE', *, *, #1139, .F. ) ;
#573 = DIRECTION ( 'NONE',  ( -0.000000000000000000, -0.000000000000000000, -1.000000000000000000 ) ) ;
#574 = CARTESIAN_POINT ( 'NONE',  ( 15.00000000000001599, 4.849999999999947242, 300.0000000000000000 ) ) ;
#575 = EDGE_CURVE ( 'NONE', #836, #1768, #378, .T. ) ;
#576 = DIRECTION ( 'NONE',  ( -1.000000000000000000, 1.127570259384924611E-14, 0.000000000000000000 ) ) ;
#577 = DIRECTION ( 'NONE',  ( 1.000000000000000000, -3.344045254895050381E-15, -0.000000000000000000 ) ) ;
#578 = VECTOR ( 'NONE', #23, 1000.000000000000000 ) ;
#579 = VECTOR ( 'NONE', #645, 1000.000000000000000 ) ;
#580 = ORIENTED_EDGE ( 'NONE', *, *, #755, .T. ) ;
#581 = CARTESIAN_POINT ( 'NONE',  ( -13.00000000000009059, -8.999999999999863221, 300.0000000000000000 ) ) ;
#582 = VECTOR ( 'NONE', #1351, 1000.000000000000000 ) ;
#583 = FACE_OUTER_BOUND ( 'NONE', #788, .T. ) ;
#584 = VERTEX_POINT ( 'NONE', #1521 ) ;
#585 = EDGE_LOOP ( 'NONE', ( #454, #1790, #609, #1514 ) ) ;
#586 = ORIENTED_EDGE ( 'NONE', *, *, #1165, .T. ) ;
#587 = DIRECTION ( 'NONE',  ( -0.000000000000000000, -0.000000000000000000, -1.000000000000000000 ) ) ;
#588 = LINE ( 'NONE', #731, #345 ) ;
#589 = DIRECTION ( 'NONE',  ( -0.000000000000000000, -0.000000000000000000, -1.000000000000000000 ) ) ;
#590 = EDGE_CURVE ( 'NONE', #1553, #1972, #1859, .T. ) ;
#591 = DIRECTION ( 'NONE',  ( -0.7071067811865426878, 0.7071067811865523467, 0.000000000000000000 ) ) ;
#592 = VECTOR ( 'NONE', #335, 1000.000000000000000 ) ;
#593 = VERTEX_POINT ( 'NONE', #1679 ) ;
#594 = PLANE ( 'NONE',  #24 ) ;
#595 = DIRECTION ( 'NONE',  ( -0.000000000000000000, -0.000000000000000000, -1.000000000000000000 ) ) ;
#596 = ORIENTED_EDGE ( 'NONE', *, *, #1793, .F. ) ;
#597 = VERTEX_POINT ( 'NONE', #1491 ) ;
#598 = CIRCLE ( 'NONE', #2064, 2.500000000000000000 ) ;
#599 = ORIENTED_EDGE ( 'NONE', *, *, #1017, .F. ) ;
#600 = DIRECTION ( 'NONE',  ( -1.301042606982605321E-14, -1.000000000000000000, -0.000000000000000000 ) ) ;
#601 = LINE ( 'NONE', #709, #281 ) ;
#602 = DIRECTION ( 'NONE',  ( -1.000000000000000000, 1.084202172485502541E-14, 0.000000000000000000 ) ) ;
#603 = CARTESIAN_POINT ( 'NONE',  ( 9.000000000000042633, 12.99999999999996980, 0.000000000000000000 ) ) ;
#604 = EDGE_CURVE ( 'NONE', #978, #734, #1348, .T. ) ;
#605 = EDGE_LOOP ( 'NONE', ( #1794, #1129, #1215, #758 ) ) ;
#606 = DIRECTION ( 'NONE',  ( 3.336098333285973102E-15, 1.000000000000000000, 0.000000000000000000 ) ) ;
#607 = DIRECTION ( 'NONE',  ( -3.469446951953614189E-15, -1.000000000000000000, 0.000000000000000000 ) ) ;
#608 = EDGE_CURVE ( 'NONE', #1323, #180, #554, .T. ) ;
#609 = ORIENTED_EDGE ( 'NONE', *, *, #514, .F. ) ;
#610 = LINE ( 'NONE', #451, #239 ) ;
#611 = DIRECTION ( 'NONE',  ( 1.098658201451977774E-14, 1.000000000000000000, 0.000000000000000000 ) ) ;
#612 = CARTESIAN_POINT ( 'NONE',  ( -13.00000000000000178, 4.849999999999997868, 300.0000000000000000 ) ) ;
#613 = ORIENTED_EDGE ( 'NONE', *, *, #869, .F. ) ;
#614 = CARTESIAN_POINT ( 'NONE',  ( 9.000000000000042633, 12.99999999999996980, 300.0000000000000000 ) ) ;
#615 = PLANE ( 'NONE',  #781 ) ;
#616 = AXIS2_PLACEMENT_3D ( 'NONE', #695, #1299, #519 ) ;
#617 = VECTOR ( 'NONE', #1077, 1000.000000000000000 ) ;
#618 = EDGE_CURVE ( 'NONE', #1027, #1941, #870, .T. ) ;
#619 = EDGE_CURVE ( 'NONE', #1425, #969, #55, .T. ) ;
#620 = ORIENTED_EDGE ( 'NONE', *, *, #1244, .T. ) ;
#621 = MECHANICAL_DESIGN_GEOMETRIC_PRESENTATION_REPRESENTATION (  '', ( #1644 ), #1530 ) ;
#622 = EDGE_CURVE ( 'NONE', #1218, #570, #1171, .T. ) ;
#623 = DIRECTION ( 'NONE',  ( 0.000000000000000000, 1.000000000000000000, 0.000000000000000000 ) ) ;
#624 = FACE_OUTER_BOUND ( 'NONE', #585, .T. ) ;
#625 = DIRECTION ( 'NONE',  ( -3.469446951953616950E-15, -1.000000000000000000, 0.000000000000000000 ) ) ;
#626 = ORIENTED_EDGE ( 'NONE', *, *, #1818, .F. ) ;
#627 = DIRECTION ( 'NONE',  ( 1.000000000000000000, -6.938893903907228378E-15, 0.000000000000000000 ) ) ;
#628 = CARTESIAN_POINT ( 'NONE',  ( -13.99999999999999822, 10.00000000000000000, 300.0000000000000000 ) ) ;
#629 = ORIENTED_EDGE ( 'NONE', *, *, #1196, .T. ) ;
#630 = VECTOR ( 'NONE', #1078, 1000.000000000000000 ) ;
#631 = VECTOR ( 'NONE', #386, 1000.000000000000000 ) ;
#632 = CARTESIAN_POINT ( 'NONE',  ( -15.00000000000004796, -4.849999999999842437, 300.0000000000000000 ) ) ;
#633 = EDGE_CURVE ( 'NONE', #1188, #380, #687, .T. ) ;
#634 = CARTESIAN_POINT ( 'NONE',  ( -15.00000000000015632, -14.99999999999984190, 300.0000000000000000 ) ) ;
#635 = CARTESIAN_POINT ( 'NONE',  ( -13.00000000000004974, -4.849999999999862865, 300.0000000000000000 ) ) ;
#636 = ORIENTED_EDGE ( 'NONE', *, *, #1220, .T. ) ;
#637 = CARTESIAN_POINT ( 'NONE',  ( 13.99999999999992895, -10.00000000000009770, 300.0000000000000000 ) ) ;
#638 = DIRECTION ( 'NONE',  ( 6.984081228015534660E-15, 1.000000000000000000, -0.000000000000000000 ) ) ;
#639 = VERTEX_POINT ( 'NONE', #1179 ) ;
#640 = PLANE ( 'NONE',  #1093 ) ;
#641 = LINE ( 'NONE', #492, #1682 ) ;
#642 = EDGE_CURVE ( 'NONE', #1886, #252, #1192, .T. ) ;
#643 = LINE ( 'NONE', #1441, #690 ) ;
#644 = ORIENTED_EDGE ( 'NONE', *, *, #74, .F. ) ;
#645 = DIRECTION ( 'NONE',  ( -1.000000000000000000, 6.938893903907228378E-15, 0.000000000000000000 ) ) ;
#646 = LINE ( 'NONE', #1971, #1166 ) ;
#647 = EDGE_LOOP ( 'NONE', ( #1973, #1380, #629, #1019 ) ) ;
#648 = VERTEX_POINT ( 'NONE', #214 ) ;
#649 = VECTOR ( 'NONE', #979, 1000.000000000000000 ) ;
#650 = DIRECTION ( 'NONE',  ( 1.000000000000000000, -1.084202172485502541E-14, 0.000000000000000000 ) ) ;
#651 = DIRECTION ( 'NONE',  ( -1.045014142154703234E-14, -1.000000000000000000, 0.000000000000000000 ) ) ;
#652 = APPLICATION_CONTEXT ( 'automotive_design' ) ;
#653 = CARTESIAN_POINT ( 'NONE',  ( -15.00000000000000000, 15.00000000000000000, 300.0000000000000000 ) ) ;
#654 = EDGE_CURVE ( 'NONE', #1045, #1262, #696, .T. ) ;
#655 = VERTEX_POINT ( 'NONE', #45 ) ;
#656 = CARTESIAN_POINT ( 'NONE',  ( 13.00000000000003020, 8.999999999999953815, 0.000000000000000000 ) ) ;
#657 = ORIENTED_EDGE ( 'NONE', *, *, #1782, .T. ) ;
#658 = PLANE ( 'NONE',  #1757 ) ;
#659 = ADVANCED_FACE ( 'NONE', ( #362 ), #1832, .F. ) ;
#660 = ORIENTED_EDGE ( 'NONE', *, *, #1533, .T. ) ;
#661 = ORIENTED_EDGE ( 'NONE', *, *, #132, .F. ) ;
#662 = DIRECTION ( 'NONE',  ( -0.7071067811865547892, -0.7071067811865402453, -0.000000000000000000 ) ) ;
#663 = FACE_OUTER_BOUND ( 'NONE', #1291, .T. ) ;
#664 = CARTESIAN_POINT ( 'NONE',  ( 4.849999999999893951, -15.00000000000003375, 0.000000000000000000 ) ) ;
#665 = VECTOR ( 'NONE', #573, 1000.000000000000000 ) ;
#666 = DIRECTION ( 'NONE',  ( 0.7071067811865547892, 0.7071067811865402453, 0.000000000000000000 ) ) ;
#667 = ORIENTED_EDGE ( 'NONE', *, *, #619, .F. ) ;
#668 = LINE ( 'NONE', #1, #459 ) ;
#669 = ORIENTED_EDGE ( 'NONE', *, *, #1466, .T. ) ;
#670 = EDGE_CURVE ( 'NONE', #382, #978, #1670, .T. ) ;
#671 = ORIENTED_EDGE ( 'NONE', *, *, #1662, .F. ) ;
#672 = LINE ( 'NONE', #199, #761 ) ;
#673 = DIRECTION ( 'NONE',  ( -1.000000000000000000, 1.040834085586085046E-14, 0.000000000000000000 ) ) ;
#674 = LINE ( 'NONE', #1011, #1598 ) ;
#675 = LINE ( 'NONE', #185, #101 ) ;
#676 = PLANE ( 'NONE',  #557 ) ;
#677 = EDGE_LOOP ( 'NONE', ( #282, #86, #1919, #1058 ) ) ;
#678 = EDGE_CURVE ( 'NONE', #1899, #1045, #81, .T. ) ;
#679 = AXIS2_PLACEMENT_3D ( 'NONE', #1498, #1339, #1648 ) ;
#680 = AXIS2_PLACEMENT_3D ( 'NONE', #152, #1289, #1574 ) ;
#681 = EDGE_CURVE ( 'NONE', #593, #900, #1557, .T. ) ;
#682 = VECTOR ( 'NONE', #1081, 1000.000000000000000 ) ;
#683 = DIRECTION ( 'NONE',  ( 1.000000000000000000, 0.000000000000000000, 0.000000000000000000 ) ) ;
#684 = CARTESIAN_POINT ( 'NONE',  ( 5.249999999999973355, -3.849928573250674280, 300.0000000000000000 ) ) ;
#685 = DIRECTION ( 'NONE',  ( -1.000000000000000000, 1.045014142154703234E-14, -0.000000000000000000 ) ) ;
#686 = FACE_BOUND ( 'NONE', #2002, .T. ) ;
#687 = LINE ( 'NONE', #1332, #1173 ) ;
#688 = EDGE_LOOP ( 'NONE', ( #1412, #267, #1525, #1266 ) ) ;
#689 = ORIENTED_EDGE ( 'NONE', *, *, #755, .F. ) ;
#690 = VECTOR ( 'NONE', #625, 1000.000000000000000 ) ;
#691 = PLANE ( 'NONE',  #1480 ) ;
#692 = CARTESIAN_POINT ( 'NONE',  ( -9.000000000000133227, -12.99999999999990763, 0.000000000000000000 ) ) ;
#693 = ADVANCED_FACE ( 'NONE', ( #1710 ), #928, .F. ) ;
#694 = VECTOR ( 'NONE', #683, 1000.000000000000000 ) ;
#695 = CARTESIAN_POINT ( 'NONE',  ( 0.000000000000000000, 0.000000000000000000, 300.0000000000000000 ) ) ;
#696 = LINE ( 'NONE', #1823, #631 ) ;
#697 = ORIENTED_EDGE ( 'NONE', *, *, #184, .T. ) ;
#698 = ORIENTED_EDGE ( 'NONE', *, *, #618, .F. ) ;
#699 = CARTESIAN_POINT ( 'NONE',  ( 3.849928573250655628, 5.249999999999987566, 0.000000000000000000 ) ) ;
#700 = LINE ( 'NONE', #857, #95 ) ;
#701 = FACE_OUTER_BOUND ( 'NONE', #2034, .T. ) ;
#702 = EDGE_CURVE ( 'NONE', #728, #70, #565, .T. ) ;
#703 = DIRECTION ( 'NONE',  ( -0.7071067811865499042, -0.7071067811865451302, 0.000000000000000000 ) ) ;
#704 = VECTOR ( 'NONE', #2079, 1000.000000000000000 ) ;
#705 = VERTEX_POINT ( 'NONE', #1052 ) ;
#706 = DIRECTION ( 'NONE',  ( 1.000000000000000000, 0.000000000000000000, -0.000000000000000000 ) ) ;
#707 = VERTEX_POINT ( 'NONE', #1226 ) ;
#708 = FACE_OUTER_BOUND ( 'NONE', #899, .T. ) ;
#709 = CARTESIAN_POINT ( 'NONE',  ( 14.99999999999996447, -4.850000000000102673, 300.0000000000000000 ) ) ;
#710 = AXIS2_PLACEMENT_3D ( 'NONE', #1345, #6, #1309 ) ;
#711 = DIRECTION ( 'NONE',  ( 5.637851296924623057E-15, 1.000000000000000000, -0.000000000000000000 ) ) ;
#712 = DIRECTION ( 'NONE',  ( 0.000000000000000000, -1.000000000000000000, 0.000000000000000000 ) ) ;
#713 = EDGE_CURVE ( 'NONE', #906, #1333, #1410, .T. ) ;
#714 = ORIENTED_EDGE ( 'NONE', *, *, #57, .F. ) ;
#715 = DIRECTION ( 'NONE',  ( -0.000000000000000000, -0.000000000000000000, -1.000000000000000000 ) ) ;
#716 = EDGE_CURVE ( 'NONE', #1492, #39, #234, .T. ) ;
#717 = VERTEX_POINT ( 'NONE', #721 ) ;
#718 = LINE ( 'NONE', #1554, #1430 ) ;
#719 = CARTESIAN_POINT ( 'NONE',  ( -9.000000000000000000, 13.00000000000000000, 0.000000000000000000 ) ) ;
#720 = CARTESIAN_POINT ( 'NONE',  ( 5.250000000000013323, 3.849928573250616992, 300.0000000000000000 ) ) ;
#721 = CARTESIAN_POINT ( 'NONE',  ( -4.850000000000132871, -12.99999999999995026, 300.0000000000000000 ) ) ;
#722 = AXIS2_PLACEMENT_3D ( 'NONE', #1201, #1858, #1687 ) ;
#723 = ORIENTED_EDGE ( 'NONE', *, *, #1409, .T. ) ;
#724 = LINE ( 'NONE', #216, #1777 ) ;
#725 = VECTOR ( 'NONE', #1838, 1000.000000000000000 ) ;
#726 = VECTOR ( 'NONE', #913, 1000.000000000000000 ) ;
#727 = EDGE_CURVE ( 'NONE', #380, #593, #1211, .T. ) ;
#728 = VERTEX_POINT ( 'NONE', #892 ) ;
#729 = VERTEX_POINT ( 'NONE', #1907 ) ;
#730 = DIRECTION ( 'NONE',  ( 1.000000000000000000, 0.000000000000000000, 0.000000000000000000 ) ) ;
#731 = CARTESIAN_POINT ( 'NONE',  ( 4.849999999999893951, -15.00000000000003375, 300.0000000000000000 ) ) ;
#732 = FACE_OUTER_BOUND ( 'NONE', #196, .T. ) ;
#733 = LINE ( 'NONE', #1384, #704 ) ;
#734 = VERTEX_POINT ( 'NONE', #1079 ) ;
#735 = LINE ( 'NONE', #2044, #56 ) ;
#736 = DIRECTION ( 'NONE',  ( -6.688090509790099974E-15, -1.000000000000000000, 0.000000000000000000 ) ) ;
#737 = ORIENTED_EDGE ( 'NONE', *, *, #940, .T. ) ;
#738 = EDGE_LOOP ( 'NONE', ( #364, #448, #972, #240 ) ) ;
#739 = EDGE_CURVE ( 'NONE', #566, #1027, #733, .T. ) ;
#740 = ORIENTED_EDGE ( 'NONE', *, *, #560, .T. ) ;
#741 = CARTESIAN_POINT ( 'NONE',  ( 13.00000000000003020, 8.999999999999953815, 300.0000000000000000 ) ) ;
#742 = FACE_OUTER_BOUND ( 'NONE', #1282, .T. ) ;
#743 = CARTESIAN_POINT ( 'NONE',  ( 10.40007142674939544, 8.999999999999962697, 300.0000000000000000 ) ) ;
#744 = DIRECTION ( 'NONE',  ( 3.344045254895049987E-15, 1.000000000000000000, -0.000000000000000000 ) ) ;
#745 = VECTOR ( 'NONE', #1170, 1000.000000000000000 ) ;
#746 = ORIENTED_EDGE ( 'NONE', *, *, #1842, .T. ) ;
#747 = DIRECTION ( 'NONE',  ( -1.000000000000000000, 7.228014483236695175E-15, 0.000000000000000000 ) ) ;
#748 = CARTESIAN_POINT ( 'NONE',  ( 3.849928573250655628, 5.249999999999987566, 300.0000000000000000 ) ) ;
#749 = EDGE_LOOP ( 'NONE', ( #2035, #1801, #165, #398 ) ) ;
#750 = VERTEX_POINT ( 'NONE', #1738 ) ;
#751 = ORIENTED_EDGE ( 'NONE', *, *, #19, .F. ) ;
#752 = PLANE ( 'NONE',  #847 ) ;
#753 = PLANE ( 'NONE',  #543 ) ;
#754 = LINE ( 'NONE', #287, #1617 ) ;
#755 = EDGE_CURVE ( 'NONE', #734, #428, #1370, .T. ) ;
#756 = LINE ( 'NONE', #1882, #1137 ) ;
#757 = VECTOR ( 'NONE', #955, 1000.000000000000000 ) ;
#758 = ORIENTED_EDGE ( 'NONE', *, *, #360, .T. ) ;
#759 = CARTESIAN_POINT ( 'NONE',  ( -9.000000000000000000, 13.00000000000000000, 300.0000000000000000 ) ) ;
#760 = CARTESIAN_POINT ( 'NONE',  ( -13.00000000000000178, 8.999999999999998224, 300.0000000000000000 ) ) ;
#761 = VECTOR ( 'NONE', #516, 1000.000000000000000 ) ;
#762 = ORIENTED_EDGE ( 'NONE', *, *, #1731, .F. ) ;
#763 = DIRECTION ( 'NONE',  ( -0.000000000000000000, -0.000000000000000000, -1.000000000000000000 ) ) ;
#764 =( LENGTH_UNIT ( ) NAMED_UNIT ( * ) SI_UNIT ( .MILLI., .METRE. ) );
#765 = FACE_OUTER_BOUND ( 'NONE', #99, .T. ) ;
#766 = DIRECTION ( 'NONE',  ( -1.000000000000000000, 3.469446951953614189E-15, 0.000000000000000000 ) ) ;
#767 = EDGE_CURVE ( 'NONE', #1972, #1138, #916, .T. ) ;
#768 = EDGE_LOOP ( 'NONE', ( #1342, #910, #469, #326 ) ) ;
#769 = DIRECTION ( 'NONE',  ( -0.7071067811865499042, -0.7071067811865451302, 0.000000000000000000 ) ) ;
#770 = DIRECTION ( 'NONE',  ( -0.000000000000000000, -0.000000000000000000, -1.000000000000000000 ) ) ;
#771 = EDGE_CURVE ( 'NONE', #205, #1343, #262, .T. ) ;
#772 = VERTEX_POINT ( 'NONE', #1419 ) ;
#773 = FILL_AREA_STYLE ('',( #964 ) ) ;
#774 = PLANE ( 'NONE',  #1275 ) ;
#775 = CARTESIAN_POINT ( 'NONE',  ( 4.850000000000049383, 14.99999999999998224, 300.0000000000000000 ) ) ;
#776 = ORIENTED_EDGE ( 'NONE', *, *, #128, .F. ) ;
#777 = CARTESIAN_POINT ( 'NONE',  ( 14.00000000000005684, 13.99999999999995026, 300.0000000000000000 ) ) ;
#778 = FACE_OUTER_BOUND ( 'NONE', #1873, .T. ) ;
#779 = AXIS2_PLACEMENT_3D ( 'NONE', #1050, #1040, #1519 ) ;
#780 = EDGE_CURVE ( 'NONE', #336, #382, #756, .T. ) ;
#781 = AXIS2_PLACEMENT_3D ( 'NONE', #1415, #1264, #736 ) ;
#782 = EDGE_CURVE ( 'NONE', #1138, #1399, #1532, .T. ) ;
#783 = ORIENTED_EDGE ( 'NONE', *, *, #20, .T. ) ;
#784 = VECTOR ( 'NONE', #1274, 1000.000000000000000 ) ;
#785 = CARTESIAN_POINT ( 'NONE',  ( 4.850000000000049383, 14.99999999999998224, 300.0000000000000000 ) ) ;
#786 = CARTESIAN_POINT ( 'NONE',  ( -4.849999999999999645, 15.00000000000000000, 300.0000000000000000 ) ) ;
#787 = DIRECTION ( 'NONE',  ( 0.000000000000000000, -0.000000000000000000, 1.000000000000000000 ) ) ;
#788 = EDGE_LOOP ( 'NONE', ( #371, #751, #887, #1536 ) ) ;
#789 = CARTESIAN_POINT ( 'NONE',  ( 9.000000000000042633, 12.99999999999996980, 300.0000000000000000 ) ) ;
#790 = CARTESIAN_POINT ( 'NONE',  ( -9.000000000000000000, 10.40007142674936347, 0.000000000000000000 ) ) ;
#791 = VECTOR ( 'NONE', #966, 1000.000000000000000 ) ;
#792 = ADVANCED_FACE ( 'NONE', ( #108 ), #2068, .F. ) ;
#793 = ORIENTED_EDGE ( 'NONE', *, *, #270, .F. ) ;
#794 = VECTOR ( 'NONE', #431, 1000.000000000000000 ) ;
#795 = EDGE_CURVE ( 'NONE', #750, #354, #288, .T. ) ;
#796 =( NAMED_UNIT ( * ) SI_UNIT ( $, .STERADIAN. ) SOLID_ANGLE_UNIT ( ) );
#797 = LINE ( 'NONE', #2055, #72 ) ;
#798 = CARTESIAN_POINT ( 'NONE',  ( 8.999999999999895195, -15.00000000000006040, 300.0000000000000000 ) ) ;
#799 = ORIENTED_EDGE ( 'NONE', *, *, #106, .F. ) ;
#800 = CARTESIAN_POINT ( 'NONE',  ( 9.000000000000033751, 10.40007142674933149, 300.0000000000000000 ) ) ;
#801 = ORIENTED_EDGE ( 'NONE', *, *, #381, .F. ) ;
#802 = DIRECTION ( 'NONE',  ( 0.7071067811865499042, 0.7071067811865451302, 0.000000000000000000 ) ) ;
#803 = ORIENTED_EDGE ( 'NONE', *, *, #1450, .T. ) ;
#804 = EDGE_LOOP ( 'NONE', ( #746, #266, #76, #355 ) ) ;
#805 = DIRECTION ( 'NONE',  ( 0.000000000000000000, 0.000000000000000000, 1.000000000000000000 ) ) ;
#806 = EDGE_CURVE ( 'NONE', #252, #100, #419, .T. ) ;
#807 = VECTOR ( 'NONE', #1092, 1000.000000000000000 ) ;
#808 = CARTESIAN_POINT ( 'NONE',  ( -3.849928573250635200, 5.250000000000000000, 300.0000000000000000 ) ) ;
#809 = CARTESIAN_POINT ( 'NONE',  ( 9.999999999999900524, -14.00000000000006928, 300.0000000000000000 ) ) ;
#810 = ORIENTED_EDGE ( 'NONE', *, *, #575, .F. ) ;
#811 = PLANE ( 'NONE',  #846 ) ;
#812 = DIRECTION ( 'NONE',  ( -3.344045254895050381E-15, -1.000000000000000000, 0.000000000000000000 ) ) ;
#813 = ORIENTED_EDGE ( 'NONE', *, *, #296, .F. ) ;
#814 = ORIENTED_EDGE ( 'NONE', *, *, #834, .F. ) ;
#815 = VECTOR ( 'NONE', #518, 1000.000000000000000 ) ;
#816 = CARTESIAN_POINT ( 'NONE',  ( -13.00000000000000178, 8.999999999999998224, 0.000000000000000000 ) ) ;
#817 = DIRECTION ( 'NONE',  ( -0.000000000000000000, -0.000000000000000000, -1.000000000000000000 ) ) ;
#818 = FACE_OUTER_BOUND ( 'NONE', #1877, .T. ) ;
#819 = DIRECTION ( 'NONE',  ( -6.938893903907233900E-15, -1.000000000000000000, 0.000000000000000000 ) ) ;
#820 = ORIENTED_EDGE ( 'NONE', *, *, #782, .T. ) ;
#821 = DIRECTION ( 'NONE',  ( -0.000000000000000000, 0.000000000000000000, 1.000000000000000000 ) ) ;
#822 = ADVANCED_FACE ( 'NONE', ( #1398 ), #2057, .F. ) ;
#823 = ORIENTED_EDGE ( 'NONE', *, *, #1833, .F. ) ;
#824 = PLANE ( 'NONE',  #243 ) ;
#825 = ORIENTED_EDGE ( 'NONE', *, *, #30, .F. ) ;
#826 = EDGE_LOOP ( 'NONE', ( #823, #1094, #2092, #636 ) ) ;
#827 = VECTOR ( 'NONE', #521, 1000.000000000000000 ) ;
#828 = DIRECTION ( 'NONE',  ( -0.000000000000000000, -0.000000000000000000, -1.000000000000000000 ) ) ;
#829 = CARTESIAN_POINT ( 'NONE',  ( 8.999999999999909406, -13.00000000000006217, 0.000000000000000000 ) ) ;
#830 = CARTESIAN_POINT ( 'NONE',  ( 13.99999999999990052, -14.00000000000010658, 300.0000000000000000 ) ) ;
#831 = VECTOR ( 'NONE', #1903, 1000.000000000000000 ) ;
#832 = DIRECTION ( 'NONE',  ( 1.000000000000000000, -3.336098333285977441E-15, -0.000000000000000000 ) ) ;
#833 = CARTESIAN_POINT ( 'NONE',  ( -5.250000000000039080, -3.849928573250580133, 0.000000000000000000 ) ) ;
#834 = EDGE_CURVE ( 'NONE', #1719, #190, #127, .T. ) ;
#835 = ORIENTED_EDGE ( 'NONE', *, *, #1731, .T. ) ;
#836 = VERTEX_POINT ( 'NONE', #1776 ) ;
#837 = EDGE_CURVE ( 'NONE', #1425, #1027, #945, .T. ) ;
#838 = LINE ( 'NONE', #1020, #1305 ) ;
#839 = DIRECTION ( 'NONE',  ( 1.000000000000000000, -6.938893903907233900E-15, 0.000000000000000000 ) ) ;
#840 = FACE_OUTER_BOUND ( 'NONE', #3, .T. ) ;
#841 = FACE_OUTER_BOUND ( 'NONE', #932, .T. ) ;
#842 = ORIENTED_EDGE ( 'NONE', *, *, #1619, .T. ) ;
#843 = ORIENTED_EDGE ( 'NONE', *, *, #1596, .T. ) ;
#844 = EDGE_CURVE ( 'NONE', #729, #252, #643, .T. ) ;
#845 = AXIS2_PLACEMENT_3D ( 'NONE', #1668, #211, #526 ) ;
#846 = AXIS2_PLACEMENT_3D ( 'NONE', #25, #821, #174 ) ;
#847 = AXIS2_PLACEMENT_3D ( 'NONE', #1720, #2016, #730 ) ;
#848 = CARTESIAN_POINT ( 'NONE',  ( 13.99999999999992895, -10.00000000000009770, 300.0000000000000000 ) ) ;
#849 = FACE_OUTER_BOUND ( 'NONE', #1901, .T. ) ;
#850 = LINE ( 'NONE', #1134, #649 ) ;
#851 = CARTESIAN_POINT ( 'NONE',  ( -15.00000000000015632, -14.99999999999984190, 300.0000000000000000 ) ) ;
#852 = VERTEX_POINT ( 'NONE', #139 ) ;
#853 = EDGE_LOOP ( 'NONE', ( #986, #1216, #1527, #995 ) ) ;
#854 = VECTOR ( 'NONE', #2005, 1000.000000000000000 ) ;
#855 = ADVANCED_FACE ( 'NONE', ( #493 ), #1601, .F. ) ;
#856 = CARTESIAN_POINT ( 'NONE',  ( -9.999999999999998224, 14.00000000000000000, 300.0000000000000000 ) ) ;
#857 = CARTESIAN_POINT ( 'NONE',  ( -15.00000000000004796, -4.849999999999842437, 0.000000000000000000 ) ) ;
#858 = EDGE_CURVE ( 'NONE', #180, #648, #304, .T. ) ;
#859 = AXIS2_PLACEMENT_3D ( 'NONE', #2078, #117, #1755 ) ;
#860 = LINE ( 'NONE', #394, #2086 ) ;
#861 = PLANE ( 'NONE',  #2102 ) ;
#862 = EDGE_LOOP ( 'NONE', ( #151, #1578, #1577, #1546 ) ) ;
#863 = CARTESIAN_POINT ( 'NONE',  ( -4.850000000000132871, -12.99999999999995026, 0.000000000000000000 ) ) ;
#864 = EDGE_LOOP ( 'NONE', ( #433, #1375, #1849, #1844 ) ) ;
#865 = EDGE_CURVE ( 'NONE', #228, #1719, #1946, .T. ) ;
#866 = CARTESIAN_POINT ( 'NONE',  ( -9.000000000000154543, -14.99999999999990585, 0.000000000000000000 ) ) ;
#867 = DIRECTION ( 'NONE',  ( 6.938893903907213389E-15, 1.000000000000000000, 0.000000000000000000 ) ) ;
#868 = FACE_OUTER_BOUND ( 'NONE', #254, .T. ) ;
#869 = EDGE_CURVE ( 'NONE', #39, #166, #1928, .T. ) ;
#870 = LINE ( 'NONE', #395, #1929 ) ;
#871 = ORIENTED_EDGE ( 'NONE', *, *, #1621, .F. ) ;
#872 = CARTESIAN_POINT ( 'NONE',  ( -13.99999999999999822, 14.00000000000000888, 300.0000000000000000 ) ) ;
#873 = ORIENTED_EDGE ( 'NONE', *, *, #176, .T. ) ;
#874 = ORIENTED_EDGE ( 'NONE', *, *, #1478, .T. ) ;
#875 = AXIS2_PLACEMENT_3D ( 'NONE', #743, #904, #1065 ) ;
#876 = DIRECTION ( 'NONE',  ( 0.000000000000000000, -1.000000000000000000, 0.000000000000000000 ) ) ;
#877 = DIRECTION ( 'NONE',  ( -0.000000000000000000, -0.000000000000000000, -1.000000000000000000 ) ) ;
#878 = VECTOR ( 'NONE', #595, 1000.000000000000000 ) ;
#879 = VECTOR ( 'NONE', #867, 1000.000000000000000 ) ;
#880 = CARTESIAN_POINT ( 'NONE',  ( -10.40007142674936169, 8.999999999999998224, 300.0000000000000000 ) ) ;
#881 = DIRECTION ( 'NONE',  ( 0.7071067811865475727, -0.7071067811865474617, 0.000000000000000000 ) ) ;
#882 = EDGE_CURVE ( 'NONE', #28, #1068, #481, .T. ) ;
#883 = VECTOR ( 'NONE', #812, 1000.000000000000000 ) ;
#884 = ORIENTED_EDGE ( 'NONE', *, *, #1253, .F. ) ;
#885 = PLANE ( 'NONE',  #2119 ) ;
#886 = VERTEX_POINT ( 'NONE', #1132 ) ;
#887 = ORIENTED_EDGE ( 'NONE', *, *, #1478, .F. ) ;
#888 = ORIENTED_EDGE ( 'NONE', *, *, #1952, .F. ) ;
#889 = DIRECTION ( 'NONE',  ( -1.000000000000000000, 1.084202172485504434E-14, -0.000000000000000000 ) ) ;
#890 = DIRECTION ( 'NONE',  ( -0.000000000000000000, -0.000000000000000000, -1.000000000000000000 ) ) ;
#891 = CARTESIAN_POINT ( 'NONE',  ( 10.00000000000004796, 13.99999999999996447, 300.0000000000000000 ) ) ;
#892 = CARTESIAN_POINT ( 'NONE',  ( -4.849999999999999645, 13.00000000000000000, 0.000000000000000000 ) ) ;
#893 = ORIENTED_EDGE ( 'NONE', *, *, #348, .F. ) ;
#894 = CARTESIAN_POINT ( 'NONE',  ( 10.00000000000004796, 13.99999999999996447, 300.0000000000000000 ) ) ;
#895 = VECTOR ( 'NONE', #1771, 1000.000000000000000 ) ;
#896 = CARTESIAN_POINT ( 'NONE',  ( -15.00000000000000000, 15.00000000000000000, 300.0000000000000000 ) ) ;
#897 = ORIENTED_EDGE ( 'NONE', *, *, #2097, .F. ) ;
#898 = EDGE_CURVE ( 'NONE', #1188, #487, #1462, .T. ) ;
#899 = EDGE_LOOP ( 'NONE', ( #1250, #113, #1733, #1125 ) ) ;
#900 = VERTEX_POINT ( 'NONE', #1297 ) ;
#901 = VERTEX_POINT ( 'NONE', #314 ) ;
#902 = CARTESIAN_POINT ( 'NONE',  ( -3.849928573250691599, -5.249999999999960032, 300.0000000000000000 ) ) ;
#903 = LINE ( 'NONE', #1236, #1261 ) ;
#904 = DIRECTION ( 'NONE',  ( -0.7071067811865451302, 0.7071067811865500152, 0.000000000000000000 ) ) ;
#905 = DIRECTION ( 'NONE',  ( -6.688090509790100763E-15, -1.000000000000000000, -0.000000000000000000 ) ) ;
#906 = VERTEX_POINT ( 'NONE', #2121 ) ;
#907 = DIRECTION ( 'NONE',  ( 2.926039598033169182E-15, 1.000000000000000000, -0.000000000000000000 ) ) ;
#908 = FACE_OUTER_BOUND ( 'NONE', #1506, .T. ) ;
#909 = ORIENTED_EDGE ( 'NONE', *, *, #390, .F. ) ;
#910 = ORIENTED_EDGE ( 'NONE', *, *, #1770, .F. ) ;
#911 = ORIENTED_EDGE ( 'NONE', *, *, #187, .T. ) ;
#912 = EDGE_CURVE ( 'NONE', #1584, #1501, #5, .T. ) ;
#913 = DIRECTION ( 'NONE',  ( -3.336098333285973102E-15, -1.000000000000000000, 0.000000000000000000 ) ) ;
#914 = DIRECTION ( 'NONE',  ( -6.672196666571954881E-15, -1.000000000000000000, -0.000000000000000000 ) ) ;
#915 = PLANE ( 'NONE',  #1411 ) ;
#916 = LINE ( 'NONE', #1750, #162 ) ;
#917 = VECTOR ( 'NONE', #7, 1000.000000000000000 ) ;
#918 = VERTEX_POINT ( 'NONE', #1113 ) ;
#919 = PLANE ( 'NONE',  #1703 ) ;
#920 = CARTESIAN_POINT ( 'NONE',  ( 14.99999999999989519, -15.00000000000010303, 0.000000000000000000 ) ) ;
#921 = ORIENTED_EDGE ( 'NONE', *, *, #1911, .T. ) ;
#922 = ORIENTED_EDGE ( 'NONE', *, *, #1674, .F. ) ;
#923 = VERTEX_POINT ( 'NONE', #1798 ) ;
#924 = CARTESIAN_POINT ( 'NONE',  ( -14.00000000000010303, -9.999999999999850786, 300.0000000000000000 ) ) ;
#925 = SURFACE_STYLE_FILL_AREA ( #773 ) ;
#926 = ADVANCED_FACE ( 'NONE', ( #663 ), #1787, .F. ) ;
#927 = CARTESIAN_POINT ( 'NONE',  ( -4.850000000000153300, -14.99999999999994849, 300.0000000000000000 ) ) ;
#928 = PLANE ( 'NONE',  #1629 ) ;
#929 = VERTEX_POINT ( 'NONE', #1144 ) ;
#930 = FACE_OUTER_BOUND ( 'NONE', #379, .T. ) ;
#931 = CARTESIAN_POINT ( 'NONE',  ( -9.000000000000154543, -14.99999999999990585, 300.0000000000000000 ) ) ;
#932 = EDGE_LOOP ( 'NONE', ( #1772, #984, #842, #114 ) ) ;
#933 = VECTOR ( 'NONE', #220, 1000.000000000000114 ) ;
#934 = CARTESIAN_POINT ( 'NONE',  ( -9.000000000000000000, 10.40007142674936347, 300.0000000000000000 ) ) ;
#935 = LINE ( 'NONE', #1927, #630 ) ;
#936 = ADVANCED_FACE ( 'NONE', ( #1591 ), #1756, .F. ) ;
#937 = DIRECTION ( 'NONE',  ( -0.7071067811865547892, -0.7071067811865402453, -0.000000000000000000 ) ) ;
#938 = ORIENTED_EDGE ( 'NONE', *, *, #514, .T. ) ;
#939 = FACE_OUTER_BOUND ( 'NONE', #1862, .T. ) ;
#940 = EDGE_CURVE ( 'NONE', #555, #1476, #464, .T. ) ;
#941 = PLANE ( 'NONE',  #1223 ) ;
#942 = ORIENTED_EDGE ( 'NONE', *, *, #882, .F. ) ;
#943 = DIRECTION ( 'NONE',  ( -0.000000000000000000, -0.000000000000000000, -1.000000000000000000 ) ) ;
#944 = DIRECTION ( 'NONE',  ( -1.000000000000000000, 3.469446951953614189E-15, 0.000000000000000000 ) ) ;
#945 = LINE ( 'NONE', #809, #757 ) ;
#946 = ORIENTED_EDGE ( 'NONE', *, *, #1377, .F. ) ;
#947 = FACE_OUTER_BOUND ( 'NONE', #864, .T. ) ;
#948 = CARTESIAN_POINT ( 'NONE',  ( 9.000000000000033751, 10.40007142674933149, 300.0000000000000000 ) ) ;
#949 = VECTOR ( 'NONE', #1251, 1000.000000000000114 ) ;
#950 = EDGE_CURVE ( 'NONE', #1262, #584, #1271, .T. ) ;
#951 = VECTOR ( 'NONE', #424, 1000.000000000000000 ) ;
#952 = ORIENTED_EDGE ( 'NONE', *, *, #950, .F. ) ;
#953 = PLANE ( 'NONE',  #169 ) ;
#954 = CARTESIAN_POINT ( 'NONE',  ( -14.00000000000015454, -13.99999999999985079, 300.0000000000000000 ) ) ;
#955 = DIRECTION ( 'NONE',  ( -0.000000000000000000, -0.000000000000000000, -1.000000000000000000 ) ) ;
#956 = ORIENTED_EDGE ( 'NONE', *, *, #1537, .T. ) ;
#957 = FACE_OUTER_BOUND ( 'NONE', #1902, .T. ) ;
#958 = ORIENTED_EDGE ( 'NONE', *, *, #381, .T. ) ;
#959 = FACE_OUTER_BOUND ( 'NONE', #804, .T. ) ;
#960 = AXIS2_PLACEMENT_3D ( 'NONE', #525, #1355, #1028 ) ;
#961 = EDGE_CURVE ( 'NONE', #1719, #1343, #976, .T. ) ;
#962 = EDGE_LOOP ( 'NONE', ( #1014, #496, #8, #1983 ) ) ;
#963 = VECTOR ( 'NONE', #1945, 1000.000000000000000 ) ;
#964 = FILL_AREA_STYLE_COLOUR ( '', #138 ) ;
#965 = FACE_OUTER_BOUND ( 'NONE', #605, .T. ) ;
#966 = DIRECTION ( 'NONE',  ( -3.469446951953614189E-15, -1.000000000000000000, 0.000000000000000000 ) ) ;
#967 = ORIENTED_EDGE ( 'NONE', *, *, #670, .T. ) ;
#968 = LINE ( 'NONE', #656, #1393 ) ;
#969 = VERTEX_POINT ( 'NONE', #1634 ) ;
#970 = DIRECTION ( 'NONE',  ( -1.000000000000000000, 6.984081228015534660E-15, 0.000000000000000000 ) ) ;
#971 = EDGE_LOOP ( 'NONE', ( #206, #1912, #1751, #96 ) ) ;
#972 = ORIENTED_EDGE ( 'NONE', *, *, #1582, .F. ) ;
#973 = EDGE_LOOP ( 'NONE', ( #1718, #596, #1469, #494 ) ) ;
#974 = ADVANCED_FACE ( 'NONE', ( #818 ), #1308, .F. ) ;
#975 = CARTESIAN_POINT ( 'NONE',  ( 13.00000000000003020, 8.999999999999953815, 300.0000000000000000 ) ) ;
#976 = LINE ( 'NONE', #1121, #1502 ) ;
#977 = DIRECTION ( 'NONE',  ( -0.7071067811865426878, 0.7071067811865523467, 0.000000000000000000 ) ) ;
#978 = VERTEX_POINT ( 'NONE', #699 ) ;
#979 = DIRECTION ( 'NONE',  ( -0.000000000000000000, -0.000000000000000000, -1.000000000000000000 ) ) ;
#980 = ORIENTED_EDGE ( 'NONE', *, *, #309, .F. ) ;
#981 = CARTESIAN_POINT ( 'NONE',  ( -9.000000000000104805, -10.40007142674926754, 0.000000000000000000 ) ) ;
#982 = EDGE_LOOP ( 'NONE', ( #1712, #1876, #2074, #1692 ) ) ;
#983 = VECTOR ( 'NONE', #397, 1000.000000000000000 ) ;
#984 = ORIENTED_EDGE ( 'NONE', *, *, #1220, .F. ) ;
#985 = VECTOR ( 'NONE', #393, 1000.000000000000000 ) ;
#986 = ORIENTED_EDGE ( 'NONE', *, *, #1923, .T. ) ;
#987 = VECTOR ( 'NONE', #147, 1000.000000000000000 ) ;
#988 = DIRECTION ( 'NONE',  ( 1.000000000000000000, -1.045014142154703234E-14, 0.000000000000000000 ) ) ;
#989 = ADVANCED_FACE ( 'NONE', ( #708 ), #990, .F. ) ;
#990 = PLANE ( 'NONE',  #33 ) ;
#991 = CARTESIAN_POINT ( 'NONE',  ( 13.00000000000003020, 8.999999999999953815, 300.0000000000000000 ) ) ;
#992 = LINE ( 'NONE', #34, #202 ) ;
#993 = EDGE_CURVE ( 'NONE', #1376, #750, #366, .T. ) ;
#994 = CARTESIAN_POINT ( 'NONE',  ( 13.99999999999992895, -10.00000000000009770, 0.000000000000000000 ) ) ;
#995 = ORIENTED_EDGE ( 'NONE', *, *, #548, .T. ) ;
#996 = VERTEX_POINT ( 'NONE', #182 ) ;
#997 = AXIS2_PLACEMENT_3D ( 'NONE', #442, #1935, #303 ) ;
#998 = EDGE_LOOP ( 'NONE', ( #1573, #1953, #1272, #1456 ) ) ;
#999 = VECTOR ( 'NONE', #1848, 1000.000000000000000 ) ;
#1000 = LINE ( 'NONE', #324, #1961 ) ;
#1001 = DIRECTION ( 'NONE',  ( -0.000000000000000000, -0.000000000000000000, -1.000000000000000000 ) ) ;
#1002 = LINE ( 'NONE', #1830, #372 ) ;
#1003 = AXIS2_PLACEMENT_3D ( 'NONE', #383, #673, #1154 ) ;
#1004 = DIRECTION ( 'NONE',  ( -0.000000000000000000, -0.000000000000000000, -1.000000000000000000 ) ) ;
#1005 = LINE ( 'NONE', #204, #1722 ) ;
#1006 = EDGE_CURVE ( 'NONE', #1783, #473, #505, .T. ) ;
#1007 = ORIENTED_EDGE ( 'NONE', *, *, #1072, .F. ) ;
#1008 = ORIENTED_EDGE ( 'NONE', *, *, #404, .T. ) ;
#1009 = DIRECTION ( 'NONE',  ( 1.000000000000000000, 0.000000000000000000, 0.000000000000000000 ) ) ;
#1010 = CARTESIAN_POINT ( 'NONE',  ( 8.999999999999909406, -13.00000000000006217, 300.0000000000000000 ) ) ;
#1011 = CARTESIAN_POINT ( 'NONE',  ( -9.999999999999998224, 14.00000000000000000, 300.0000000000000000 ) ) ;
#1012 = CARTESIAN_POINT ( 'NONE',  ( -9.000000000000000000, 13.00000000000000000, 0.000000000000000000 ) ) ;
#1013 = DIRECTION ( 'NONE',  ( 0.7071067811865402453, -0.7071067811865549002, 0.000000000000000000 ) ) ;
#1014 = ORIENTED_EDGE ( 'NONE', *, *, #1900, .F. ) ;
#1015 = VECTOR ( 'NONE', #662, 1000.000000000000227 ) ;
#1016 = ORIENTED_EDGE ( 'NONE', *, *, #1206, .F. ) ;
#1017 = EDGE_CURVE ( 'NONE', #1522, #466, #41, .T. ) ;
#1018 = VECTOR ( 'NONE', #1004, 1000.000000000000000 ) ;
#1019 = ORIENTED_EDGE ( 'NONE', *, *, #390, .T. ) ;
#1020 = CARTESIAN_POINT ( 'NONE',  ( 14.00000000000003553, 9.999999999999950262, 300.0000000000000000 ) ) ;
#1021 = LINE ( 'NONE', #664, #815 ) ;
#1022 = LINE ( 'NONE', #1847, #280 ) ;
#1023 = CARTESIAN_POINT ( 'NONE',  ( 14.00000000000005684, 13.99999999999995026, 300.0000000000000000 ) ) ;
#1024 = ORIENTED_EDGE ( 'NONE', *, *, #1548, .F. ) ;
#1025 = ADVANCED_FACE ( 'NONE', ( #31 ), #1997, .F. ) ;
#1026 = EDGE_CURVE ( 'NONE', #1359, #351, #1676, .T. ) ;
#1027 = VERTEX_POINT ( 'NONE', #346 ) ;
#1028 = DIRECTION ( 'NONE',  ( 1.036347537060374224E-14, 1.000000000000000000, 0.000000000000000000 ) ) ;
#1029 = CARTESIAN_POINT ( 'NONE',  ( 8.999999999999909406, -13.00000000000006217, 0.000000000000000000 ) ) ;
#1030 = AXIS2_PLACEMENT_3D ( 'NONE', #2041, #576, #93 ) ;
#1031 = CARTESIAN_POINT ( 'NONE',  ( -10.00000000000014744, -13.99999999999989519, 300.0000000000000000 ) ) ;
#1032 = CARTESIAN_POINT ( 'NONE',  ( 9.999999999999928946, -10.00000000000006928, 0.000000000000000000 ) ) ;
#1033 = ORIENTED_EDGE ( 'NONE', *, *, #1487, .T. ) ;
#1034 = CARTESIAN_POINT ( 'NONE',  ( -9.000000000000133227, -12.99999999999990763, 0.000000000000000000 ) ) ;
#1035 = ORIENTED_EDGE ( 'NONE', *, *, #1711, .F. ) ;
#1036 = EDGE_LOOP ( 'NONE', ( #215, #1744, #1643, #835 ) ) ;
#1037 = PLANE ( 'NONE',  #116 ) ;
#1038 = LINE ( 'NONE', #574, #1814 ) ;
#1039 = EDGE_CURVE ( 'NONE', #1522, #570, #1977, .T. ) ;
#1040 = DIRECTION ( 'NONE',  ( -1.000000000000000000, 1.003213576468514720E-14, 0.000000000000000000 ) ) ;
#1041 = DIRECTION ( 'NONE',  ( 1.000000000000000000, -9.107298248878237246E-15, -0.000000000000000000 ) ) ;
#1042 = ORIENTED_EDGE ( 'NONE', *, *, #1852, .T. ) ;
#1043 = DIRECTION ( 'NONE',  ( -0.000000000000000000, -0.000000000000000000, -1.000000000000000000 ) ) ;
#1044 = ORIENTED_EDGE ( 'NONE', *, *, #268, .F. ) ;
#1045 = VERTEX_POINT ( 'NONE', #684 ) ;
#1046 = VECTOR ( 'NONE', #1263, 1000.000000000000000 ) ;
#1047 = LINE ( 'NONE', #902, #1655 ) ;
#1048 = LINE ( 'NONE', #272, #2088 ) ;
#1049 = AXIS2_PLACEMENT_3D ( 'NONE', #760, #300, #1727 ) ;
#1050 = CARTESIAN_POINT ( 'NONE',  ( -13.00000000000009059, -8.999999999999863221, 300.0000000000000000 ) ) ;
#1051 = EDGE_CURVE ( 'NONE', #1631, #140, #50, .T. ) ;
#1052 = CARTESIAN_POINT ( 'NONE',  ( 10.40007142674939544, 8.999999999999962697, 0.000000000000000000 ) ) ;
#1053 = VECTOR ( 'NONE', #943, 1000.000000000000000 ) ;
#1054 = ORIENTED_EDGE ( 'NONE', *, *, #207, .F. ) ;
#1055 = PLANE ( 'NONE',  #1326 ) ;
#1056 = EDGE_CURVE ( 'NONE', #351, #1138, #1667, .T. ) ;
#1057 = CARTESIAN_POINT ( 'NONE',  ( -15.00000000000015632, -14.99999999999984190, 300.0000000000000000 ) ) ;
#1058 = ORIENTED_EDGE ( 'NONE', *, *, #1650, .T. ) ;
#1059 = ORIENTED_EDGE ( 'NONE', *, *, #622, .T. ) ;
#1060 = VERTEX_POINT ( 'NONE', #1482 ) ;
#1061 = ORIENTED_EDGE ( 'NONE', *, *, #400, .T. ) ;
#1062 = AXIS2_PLACEMENT_3D ( 'NONE', #775, #297, #472 ) ;
#1063 = FACE_BOUND ( 'NONE', #1994, .T. ) ;
#1064 = LINE ( 'NONE', #1735, #879 ) ;
#1065 = DIRECTION ( 'NONE',  ( -0.7071067811865500152, -0.7071067811865451302, 0.000000000000000000 ) ) ;
#1066 = DIRECTION ( 'NONE',  ( 1.000000000000000000, 0.000000000000000000, 0.000000000000000000 ) ) ;
#1067 = AXIS2_PLACEMENT_3D ( 'NONE', #1270, #1905, #1600 ) ;
#1068 = VERTEX_POINT ( 'NONE', #357 ) ;
#1069 = FACE_OUTER_BOUND ( 'NONE', #971, .T. ) ;
#1070 = CARTESIAN_POINT ( 'NONE',  ( -13.00000000000000178, 8.999999999999998224, 0.000000000000000000 ) ) ;
#1071 = ORIENTED_EDGE ( 'NONE', *, *, #950, .T. ) ;
#1072 = EDGE_CURVE ( 'NONE', #473, #1218, #1658, .T. ) ;
#1073 = ORIENTED_EDGE ( 'NONE', *, *, #1337, .T. ) ;
#1074 = ORIENTED_EDGE ( 'NONE', *, *, #844, .T. ) ;
#1075 = EDGE_LOOP ( 'NONE', ( #1826, #1479, #911, #387 ) ) ;
#1076 = DIRECTION ( 'NONE',  ( 1.000000000000000000, -1.036347537060373751E-14, 0.000000000000000000 ) ) ;
#1077 = DIRECTION ( 'NONE',  ( 1.000000000000000000, -3.469446951953614189E-15, -0.000000000000000000 ) ) ;
#1078 = DIRECTION ( 'NONE',  ( -6.938893903907228378E-15, -1.000000000000000000, -0.000000000000000000 ) ) ;
#1079 = CARTESIAN_POINT ( 'NONE',  ( -3.849928573250635200, 5.250000000000000000, 0.000000000000000000 ) ) ;
#1080 = ORIENTED_EDGE ( 'NONE', *, *, #1314, .F. ) ;
#1081 = DIRECTION ( 'NONE',  ( -1.000000000000000000, 1.000829499985793311E-14, -0.000000000000000000 ) ) ;
#1082 = DIRECTION ( 'NONE',  ( 0.000000000000000000, 1.000000000000000000, 0.000000000000000000 ) ) ;
#1083 = ORIENTED_EDGE ( 'NONE', *, *, #348, .T. ) ;
#1084 = VECTOR ( 'NONE', #905, 1000.000000000000000 ) ;
#1085 = ORIENTED_EDGE ( 'NONE', *, *, #2010, .T. ) ;
#1086 = ADVANCED_FACE ( 'NONE', ( #531 ), #691, .T. ) ;
#1087 = ORIENTED_EDGE ( 'NONE', *, *, #360, .F. ) ;
#1088 = VECTOR ( 'NONE', #513, 1000.000000000000000 ) ;
#1089 = LINE ( 'NONE', #1856, #559 ) ;
#1090 = PRESENTATION_STYLE_ASSIGNMENT (( #1620 ) ) ;
#1091 = LINE ( 'NONE', #1749, #217 ) ;
#1092 = DIRECTION ( 'NONE',  ( -0.000000000000000000, -0.000000000000000000, -1.000000000000000000 ) ) ;
#1093 = AXIS2_PLACEMENT_3D ( 'NONE', #460, #1915, #805 ) ;
#1094 = ORIENTED_EDGE ( 'NONE', *, *, #1409, .F. ) ;
#1095 = LINE ( 'NONE', #637, #579 ) ;
#1096 = LINE ( 'NONE', #1057, #27 ) ;
#1097 = VERTEX_POINT ( 'NONE', #848 ) ;
#1098 = EDGE_CURVE ( 'NONE', #1671, #996, #1988, .T. ) ;
#1099 = FACE_OUTER_BOUND ( 'NONE', #1317, .T. ) ;
#1100 = ADVANCED_FACE ( 'NONE', ( #1181 ), #210, .F. ) ;
#1101 = DIRECTION ( 'NONE',  ( -3.758567531283081775E-15, -1.000000000000000000, 0.000000000000000000 ) ) ;
#1102 = CARTESIAN_POINT ( 'NONE',  ( 4.849999999999893951, -15.00000000000003375, 300.0000000000000000 ) ) ;
#1103 = VERTEX_POINT ( 'NONE', #1497 ) ;
#1104 = DIRECTION ( 'NONE',  ( 1.000000000000000000, -3.336098333285973102E-15, 0.000000000000000000 ) ) ;
#1105 = DIRECTION ( 'NONE',  ( -0.000000000000000000, -0.000000000000000000, -1.000000000000000000 ) ) ;
#1106 = VECTOR ( 'NONE', #523, 1000.000000000000000 ) ;
#1107 = VECTOR ( 'NONE', #2116, 1000.000000000000000 ) ;
#1108 = ORIENTED_EDGE ( 'NONE', *, *, #2070, .T. ) ;
#1109 = VECTOR ( 'NONE', #1647, 1000.000000000000000 ) ;
#1110 = FACE_OUTER_BOUND ( 'NONE', #2113, .T. ) ;
#1111 = CARTESIAN_POINT ( 'NONE',  ( 9.000000000000049738, 14.99999999999996803, 300.0000000000000000 ) ) ;
#1112 = EDGE_CURVE ( 'NONE', #648, #1060, #374, .T. ) ;
#1113 = CARTESIAN_POINT ( 'NONE',  ( -9.000000000000104805, -10.40007142674926754, 300.0000000000000000 ) ) ;
#1114 = ORIENTED_EDGE ( 'NONE', *, *, #1782, .F. ) ;
#1115 = CARTESIAN_POINT ( 'NONE',  ( 8.999999999999927169, -10.40007142674942564, 300.0000000000000000 ) ) ;
#1116 = FACE_OUTER_BOUND ( 'NONE', #998, .T. ) ;
#1117 = ORIENTED_EDGE ( 'NONE', *, *, #1496, .F. ) ;
#1118 = DIRECTION ( 'NONE',  ( -0.000000000000000000, -0.000000000000000000, -1.000000000000000000 ) ) ;
#1119 = VECTOR ( 'NONE', #1656, 1000.000000000000000 ) ;
#1120 = FACE_OUTER_BOUND ( 'NONE', #227, .T. ) ;
#1121 = CARTESIAN_POINT ( 'NONE',  ( 14.99999999999989519, -15.00000000000010303, 300.0000000000000000 ) ) ;
#1122 = EDGE_CURVE ( 'NONE', #648, #1964, #838, .T. ) ;
#1123 = ORIENTED_EDGE ( 'NONE', *, *, #2000, .F. ) ;
#1124 = DIRECTION ( 'NONE',  ( -1.000829499985793311E-14, -1.000000000000000000, 0.000000000000000000 ) ) ;
#1125 = ORIENTED_EDGE ( 'NONE', *, *, #1963, .T. ) ;
#1126 = LINE ( 'NONE', #1605, #1107 ) ;
#1127 = AXIS2_PLACEMENT_3D ( 'NONE', #614, #1104, #606 ) ;
#1128 = EDGE_CURVE ( 'NONE', #353, #1768, #1579, .T. ) ;
#1129 = ORIENTED_EDGE ( 'NONE', *, *, #549, .F. ) ;
#1130 = DIRECTION ( 'NONE',  ( -0.000000000000000000, -0.000000000000000000, -1.000000000000000000 ) ) ;
#1131 = PLANE ( 'NONE',  #1504 ) ;
#1132 = CARTESIAN_POINT ( 'NONE',  ( -10.00000000000010303, -9.999999999999895195, 300.0000000000000000 ) ) ;
#1133 = ORIENTED_EDGE ( 'NONE', *, *, #1377, .T. ) ;
#1134 = CARTESIAN_POINT ( 'NONE',  ( -5.250000000000000000, 3.849928573250637420, 300.0000000000000000 ) ) ;
#1135 = ORIENTED_EDGE ( 'NONE', *, *, #1867, .T. ) ;
#1136 = DIRECTION ( 'NONE',  ( 0.7071067811865547892, 0.7071067811865402453, 0.000000000000000000 ) ) ;
#1137 = VECTOR ( 'NONE', #1572, 1000.000000000000000 ) ;
#1138 = VERTEX_POINT ( 'NONE', #429 ) ;
#1139 = EDGE_CURVE ( 'NONE', #1954, #70, #1089, .T. ) ;
#1140 = ORIENTED_EDGE ( 'NONE', *, *, #1697, .T. ) ;
#1141 = VECTOR ( 'NONE', #1696, 1000.000000000000000 ) ;
#1142 = CARTESIAN_POINT ( 'NONE',  ( -10.00000000000010303, -9.999999999999895195, 300.0000000000000000 ) ) ;
#1143 = PLANE ( 'NONE',  #1926 ) ;
#1144 = CARTESIAN_POINT ( 'NONE',  ( -14.00000000000010303, -9.999999999999850786, 300.0000000000000000 ) ) ;
#1145 = ORIENTED_EDGE ( 'NONE', *, *, #208, .T. ) ;
#1146 = CARTESIAN_POINT ( 'NONE',  ( -4.849999999999999645, 13.00000000000000000, 300.0000000000000000 ) ) ;
#1147 = ORIENTED_EDGE ( 'NONE', *, *, #1745, .F. ) ;
#1148 = FACE_OUTER_BOUND ( 'NONE', #120, .T. ) ;
#1149 = EDGE_LOOP ( 'NONE', ( #820, #1087, #946, #396 ) ) ;
#1150 = EDGE_CURVE ( 'NONE', #1458, #900, #1528, .T. ) ;
#1151 = EDGE_LOOP ( 'NONE', ( #1863, #810, #1705, #242 ) ) ;
#1152 = EDGE_CURVE ( 'NONE', #639, #82, #245, .T. ) ;
#1153 = LINE ( 'NONE', #975, #1106 ) ;
#1154 = DIRECTION ( 'NONE',  ( -1.040834085586085046E-14, -1.000000000000000000, 0.000000000000000000 ) ) ;
#1155 = CARTESIAN_POINT ( 'NONE',  ( 3.849928573250598340, -5.250000000000027534, 300.0000000000000000 ) ) ;
#1156 = DIRECTION ( 'NONE',  ( 0.000000000000000000, -1.000000000000000000, 0.000000000000000000 ) ) ;
#1157 = ORIENTED_EDGE ( 'NONE', *, *, #882, .T. ) ;
#1158 = LINE ( 'NONE', #468, #895 ) ;
#1159 = ORIENTED_EDGE ( 'NONE', *, *, #499, .T. ) ;
#1160 = VECTOR ( 'NONE', #474, 1000.000000000000000 ) ;
#1161 = ORIENTED_EDGE ( 'NONE', *, *, #782, .F. ) ;
#1162 = VECTOR ( 'NONE', #291, 1000.000000000000000 ) ;
#1163 = VECTOR ( 'NONE', #914, 1000.000000000000000 ) ;
#1164 = CARTESIAN_POINT ( 'NONE',  ( -9.000000000000133227, -12.99999999999990763, 300.0000000000000000 ) ) ;
#1165 = EDGE_CURVE ( 'NONE', #340, #1886, #551, .T. ) ;
#1166 = VECTOR ( 'NONE', #1802, 1000.000000000000000 ) ;
#1167 = CARTESIAN_POINT ( 'NONE',  ( -9.000000000000000000, 10.40007142674936347, 300.0000000000000000 ) ) ;
#1168 = FACE_OUTER_BOUND ( 'NONE', #1788, .T. ) ;
#1169 = EDGE_CURVE ( 'NONE', #46, #1315, #2038, .T. ) ;
#1170 = DIRECTION ( 'NONE',  ( 1.000000000000000000, -3.344045254895050381E-15, -0.000000000000000000 ) ) ;
#1171 = LINE ( 'NONE', #26, #1368 ) ;
#1172 = VERTEX_POINT ( 'NONE', #440 ) ;
#1173 = VECTOR ( 'NONE', #712, 1000.000000000000000 ) ;
#1174 = CARTESIAN_POINT ( 'NONE',  ( 15.00000000000001599, 4.849999999999947242, 300.0000000000000000 ) ) ;
#1175 = CARTESIAN_POINT ( 'NONE',  ( -9.000000000000000000, 13.00000000000000000, 300.0000000000000000 ) ) ;
#1176 = DIRECTION ( 'NONE',  ( -1.003213576468515193E-14, -1.000000000000000000, -0.000000000000000000 ) ) ;
#1177 = DIRECTION ( 'NONE',  ( 1.000000000000000000, -3.336098333285977441E-15, -0.000000000000000000 ) ) ;
#1178 = EDGE_CURVE ( 'NONE', #1783, #160, #1047, .T. ) ;
#1179 = CARTESIAN_POINT ( 'NONE',  ( -2.500000000000000000, 0.000000000000000000, 300.0000000000000000 ) ) ;
#1180 = ORIENTED_EDGE ( 'NONE', *, *, #1867, .F. ) ;
#1181 = FACE_OUTER_BOUND ( 'NONE', #1934, .T. ) ;
#1182 = CARTESIAN_POINT ( 'NONE',  ( -9.000000000000133227, -12.99999999999990763, 300.0000000000000000 ) ) ;
#1183 = CARTESIAN_POINT ( 'NONE',  ( -14.00000000000015454, -13.99999999999985079, 0.000000000000000000 ) ) ;
#1184 = CARTESIAN_POINT ( 'NONE',  ( 9.000000000000033751, 10.40007142674933149, 0.000000000000000000 ) ) ;
#1185 = EDGE_CURVE ( 'NONE', #100, #382, #1746, .T. ) ;
#1186 = ORIENTED_EDGE ( 'NONE', *, *, #305, .T. ) ;
#1187 = VECTOR ( 'NONE', #377, 1000.000000000000000 ) ;
#1188 = VERTEX_POINT ( 'NONE', #392 ) ;
#1189 = CARTESIAN_POINT ( 'NONE',  ( -3.849928573250691599, -5.249999999999960032, 300.0000000000000000 ) ) ;
#1190 = PLANE ( 'NONE',  #2047 ) ;
#1191 = PLANE ( 'NONE',  #722 ) ;
#1192 = LINE ( 'NONE', #369, #1543 ) ;
#1193 = ORIENTED_EDGE ( 'NONE', *, *, #436, .F. ) ;
#1194 = DIRECTION ( 'NONE',  ( 7.228014483236695175E-15, 1.000000000000000000, -0.000000000000000000 ) ) ;
#1195 = EDGE_CURVE ( 'NONE', #886, #929, #2053, .T. ) ;
#1196 = EDGE_CURVE ( 'NONE', #1501, #522, #1406, .T. ) ;
#1197 = PRODUCT_DEFINITION_CONTEXT ( 'detailed design', #504, 'design' ) ;
#1198 = ORIENTED_EDGE ( 'NONE', *, *, #678, .F. ) ;
#1199 = CARTESIAN_POINT ( 'NONE',  ( -5.250000000000039080, -3.849928573250580133, 300.0000000000000000 ) ) ;
#1200 = CARTESIAN_POINT ( 'NONE',  ( 13.99999999999992895, -10.00000000000009770, 0.000000000000000000 ) ) ;
#1201 = CARTESIAN_POINT ( 'NONE',  ( -15.00000000000000000, 8.999999999999998224, 300.0000000000000000 ) ) ;
#1202 = DIRECTION ( 'NONE',  ( -1.067551466651511361E-14, -1.000000000000000000, 0.000000000000000000 ) ) ;
#1203 = VECTOR ( 'NONE', #1221, 1000.000000000000000 ) ;
#1204 = ORIENTED_EDGE ( 'NONE', *, *, #739, .T. ) ;
#1205 = CARTESIAN_POINT ( 'NONE',  ( 14.99999999999989519, -15.00000000000010303, 300.0000000000000000 ) ) ;
#1206 = EDGE_CURVE ( 'NONE', #597, #901, #1734, .T. ) ;
#1207 = LINE ( 'NONE', #230, #665 ) ;
#1208 = CARTESIAN_POINT ( 'NONE',  ( -9.000000000000104805, -10.40007142674926754, 300.0000000000000000 ) ) ;
#1209 = ADVANCED_FACE ( 'NONE', ( #562 ), #1037, .T. ) ;
#1210 = CARTESIAN_POINT ( 'NONE',  ( 2.500000000000000000, 3.061616997868383141E-16, 0.000000000000000000 ) ) ;
#1211 = LINE ( 'NONE', #248, #537 ) ;
#1212 = ORIENTED_EDGE ( 'NONE', *, *, #2095, .F. ) ;
#1213 = CARTESIAN_POINT ( 'NONE',  ( -13.00000000000009059, -8.999999999999863221, 300.0000000000000000 ) ) ;
#1214 = DIRECTION ( 'NONE',  ( 0.000000000000000000, -0.000000000000000000, 1.000000000000000000 ) ) ;
#1215 = ORIENTED_EDGE ( 'NONE', *, *, #1487, .F. ) ;
#1216 = ORIENTED_EDGE ( 'NONE', *, *, #1650, .F. ) ;
#1217 = ORIENTED_EDGE ( 'NONE', *, *, #1098, .F. ) ;
#1218 = VERTEX_POINT ( 'NONE', #1706 ) ;
#1219 = VECTOR ( 'NONE', #1043, 1000.000000000000000 ) ;
#1220 = EDGE_CURVE ( 'NONE', #1097, #178, #1207, .T. ) ;
#1221 = DIRECTION ( 'NONE',  ( -0.000000000000000000, -0.000000000000000000, -1.000000000000000000 ) ) ;
#1222 = DIRECTION ( 'NONE',  ( -6.938893903907228378E-15, -1.000000000000000000, -0.000000000000000000 ) ) ;
#1223 = AXIS2_PLACEMENT_3D ( 'NONE', #931, #2082, #1761 ) ;
#1224 = LINE ( 'NONE', #1880, #426 ) ;
#1225 = EDGE_CURVE ( 'NONE', #1799, #1103, #718, .T. ) ;
#1226 = CARTESIAN_POINT ( 'NONE',  ( 2.500000000000000000, 3.061616997868383141E-16, 300.0000000000000000 ) ) ;
#1227 = EDGE_LOOP ( 'NONE', ( #1725, #1080, #1957, #310 ) ) ;
#1228 = CARTESIAN_POINT ( 'NONE',  ( 13.00000000000003020, 8.999999999999953815, 300.0000000000000000 ) ) ;
#1229 = FACE_OUTER_BOUND ( 'NONE', #1558, .T. ) ;
#1230 = ORIENTED_EDGE ( 'NONE', *, *, #20, .F. ) ;
#1231 = VERTEX_POINT ( 'NONE', #1891 ) ;
#1232 = ORIENTED_EDGE ( 'NONE', *, *, #30, .T. ) ;
#1233 = ORIENTED_EDGE ( 'NONE', *, *, #575, .T. ) ;
#1234 = VECTOR ( 'NONE', #1819, 1000.000000000000000 ) ;
#1235 = CARTESIAN_POINT ( 'NONE',  ( -14.00000000000015454, -13.99999999999985079, 0.000000000000000000 ) ) ;
#1236 = CARTESIAN_POINT ( 'NONE',  ( -13.00000000000009059, -8.999999999999863221, 0.000000000000000000 ) ) ;
#1237 = FACE_OUTER_BOUND ( 'NONE', #1227, .T. ) ;
#1238 = CARTESIAN_POINT ( 'NONE',  ( -15.00000000000000000, 4.849999999999997868, 300.0000000000000000 ) ) ;
#1239 = ADVANCED_FACE ( 'NONE', ( #1541, #1063, #1865, #115, #401, #78 ), #752, .F. ) ;
#1240 = ORIENTED_EDGE ( 'NONE', *, *, #837, .F. ) ;
#1241 = LINE ( 'NONE', #1897, #1258 ) ;
#1242 = LINE ( 'NONE', #2073, #410 ) ;
#1243 = ORIENTED_EDGE ( 'NONE', *, *, #1911, .F. ) ;
#1244 = EDGE_CURVE ( 'NONE', #929, #836, #271, .T. ) ;
#1245 = ORIENTED_EDGE ( 'NONE', *, *, #1693, .F. ) ;
#1246 = CARTESIAN_POINT ( 'NONE',  ( -2.500000000000000000, 0.000000000000000000, 300.0000000000000000 ) ) ;
#1247 = CARTESIAN_POINT ( 'NONE',  ( 4.849999999999893951, -15.00000000000003375, 300.0000000000000000 ) ) ;
#1248 = DIRECTION ( 'NONE',  ( -0.000000000000000000, -0.000000000000000000, -1.000000000000000000 ) ) ;
#1249 = DIRECTION ( 'NONE',  ( 0.000000000000000000, 1.000000000000000000, 0.000000000000000000 ) ) ;
#1250 = ORIENTED_EDGE ( 'NONE', *, *, #1683, .T. ) ;
#1251 = DIRECTION ( 'NONE',  ( 0.7071067811865500152, 0.7071067811865451302, -0.000000000000000000 ) ) ;
#1252 = CARTESIAN_POINT ( 'NONE',  ( -15.00000000000000000, 8.999999999999998224, 0.000000000000000000 ) ) ;
#1253 = EDGE_CURVE ( 'NONE', #555, #655, #104, .T. ) ;
#1254 = EDGE_CURVE ( 'NONE', #228, #205, #610, .T. ) ;
#1255 = ORIENTED_EDGE ( 'NONE', *, *, #1314, .T. ) ;
#1256 = DIRECTION ( 'NONE',  ( -0.000000000000000000, -0.000000000000000000, -1.000000000000000000 ) ) ;
#1257 = DIRECTION ( 'NONE',  ( 1.000000000000000000, -3.469446951953606300E-15, 0.000000000000000000 ) ) ;
#1258 = VECTOR ( 'NONE', #388, 1000.000000000000000 ) ;
#1259 = PLANE ( 'NONE',  #997 ) ;
#1260 = DIRECTION ( 'NONE',  ( 1.040834085586085046E-14, 1.000000000000000000, 0.000000000000000000 ) ) ;
#1261 = VECTOR ( 'NONE', #1892, 1000.000000000000000 ) ;
#1262 = VERTEX_POINT ( 'NONE', #2076 ) ;
#1263 = DIRECTION ( 'NONE',  ( -0.000000000000000000, -0.000000000000000000, -1.000000000000000000 ) ) ;
#1264 = DIRECTION ( 'NONE',  ( -1.000000000000000000, 6.688090509790099974E-15, 0.000000000000000000 ) ) ;
#1265 = VECTOR ( 'NONE', #650, 1000.000000000000000 ) ;
#1266 = ORIENTED_EDGE ( 'NONE', *, *, #222, .T. ) ;
#1267 = EDGE_CURVE ( 'NONE', #1442, #1060, #1913, .T. ) ;
#1268 = VERTEX_POINT ( 'NONE', #2033 ) ;
#1269 = DIRECTION ( 'NONE',  ( 0.000000000000000000, -0.000000000000000000, 1.000000000000000000 ) ) ;
#1270 = CARTESIAN_POINT ( 'NONE',  ( 12.99999999999993783, -9.000000000000087041, 300.0000000000000000 ) ) ;
#1271 = LINE ( 'NONE', #1623, #1785 ) ;
#1272 = ORIENTED_EDGE ( 'NONE', *, *, #1178, .F. ) ;
#1273 = DIRECTION ( 'NONE',  ( 6.938893903907228378E-15, 1.000000000000000000, 0.000000000000000000 ) ) ;
#1274 = DIRECTION ( 'NONE',  ( -0.000000000000000000, -0.000000000000000000, -1.000000000000000000 ) ) ;
#1275 = AXIS2_PLACEMENT_3D ( 'NONE', #1111, #1581, #1611 ) ;
#1276 = AXIS2_PLACEMENT_3D ( 'NONE', #35, #1013, #1341 ) ;
#1277 = ORIENTED_EDGE ( 'NONE', *, *, #1165, .F. ) ;
#1278 = VECTOR ( 'NONE', #416, 1000.000000000000000 ) ;
#1279 = ADVANCED_FACE ( 'NONE', ( #583 ), #411, .F. ) ;
#1280 = DIRECTION ( 'NONE',  ( -1.000000000000000000, 6.938893903907233900E-15, 0.000000000000000000 ) ) ;
#1281 = DIRECTION ( 'NONE',  ( 1.000000000000000000, -6.938893903907228378E-15, 0.000000000000000000 ) ) ;
#1282 = EDGE_LOOP ( 'NONE', ( #1114, #762, #1613, #558 ) ) ;
#1283 = DIRECTION ( 'NONE',  ( 1.301042606982605321E-14, 1.000000000000000000, 0.000000000000000000 ) ) ;
#1284 = LINE ( 'NONE', #329, #784 ) ;
#1285 = FACE_OUTER_BOUND ( 'NONE', #1454, .T. ) ;
#1286 = PLANE ( 'NONE',  #1995 ) ;
#1287 = CARTESIAN_POINT ( 'NONE',  ( 14.99999999999989519, -15.00000000000010303, 300.0000000000000000 ) ) ;
#1288 = ORIENTED_EDGE ( 'NONE', *, *, #421, .T. ) ;
#1289 = DIRECTION ( 'NONE',  ( -6.688090509790099185E-15, -1.000000000000000000, 0.000000000000000000 ) ) ;
#1290 = EDGE_CURVE ( 'NONE', #2022, #566, #1560, .T. ) ;
#1291 = EDGE_LOOP ( 'NONE', ( #1074, #422, #1277, #414 ) ) ;
#1292 = CARTESIAN_POINT ( 'NONE',  ( -15.00000000000000000, 15.00000000000000000, 0.000000000000000000 ) ) ;
#1293 = AXIS2_PLACEMENT_3D ( 'NONE', #507, #1156, #1649 ) ;
#1294 = ORIENTED_EDGE ( 'NONE', *, *, #806, .T. ) ;
#1295 = ORIENTED_EDGE ( 'NONE', *, *, #1900, .T. ) ;
#1296 = CARTESIAN_POINT ( 'NONE',  ( 12.99999999999993783, -9.000000000000087041, 300.0000000000000000 ) ) ;
#1297 = CARTESIAN_POINT ( 'NONE',  ( -13.00000000000000178, 4.849999999999997868, 0.000000000000000000 ) ) ;
#1298 = ORIENTED_EDGE ( 'NONE', *, *, #296, .T. ) ;
#1299 = DIRECTION ( 'NONE',  ( 0.000000000000000000, 0.000000000000000000, 1.000000000000000000 ) ) ;
#1300 = ORIENTED_EDGE ( 'NONE', *, *, #1424, .T. ) ;
#1301 = CARTESIAN_POINT ( 'NONE',  ( 13.00000000000003020, 8.999999999999953815, 0.000000000000000000 ) ) ;
#1302 = EDGE_CURVE ( 'NONE', #1584, #28, #1549, .T. ) ;
#1303 = ORIENTED_EDGE ( 'NONE', *, *, #2095, .T. ) ;
#1304 = ADVANCED_FACE ( 'NONE', ( #277 ), #2060, .T. ) ;
#1305 = VECTOR ( 'NONE', #1507, 1000.000000000000000 ) ;
#1306 = CARTESIAN_POINT ( 'NONE',  ( -13.00000000000000178, 8.999999999999998224, 300.0000000000000000 ) ) ;
#1307 = DIRECTION ( 'NONE',  ( 1.127570259384924611E-14, 1.000000000000000000, 0.000000000000000000 ) ) ;
#1308 = PLANE ( 'NONE',  #960 ) ;
#1309 = DIRECTION ( 'NONE',  ( 1.000000000000000000, -1.040834085586085046E-14, 0.000000000000000000 ) ) ;
#1310 = CARTESIAN_POINT ( 'NONE',  ( 9.000000000000042633, 12.99999999999996980, 300.0000000000000000 ) ) ;
#1311 = ORIENTED_EDGE ( 'NONE', *, *, #1302, .F. ) ;
#1312 = DIRECTION ( 'NONE',  ( 1.000000000000000000, -6.672196666571954881E-15, 0.000000000000000000 ) ) ;
#1313 = ORIENTED_EDGE ( 'NONE', *, *, #19, .T. ) ;
#1314 = EDGE_CURVE ( 'NONE', #1899, #301, #1242, .T. ) ;
#1315 = VERTEX_POINT ( 'NONE', #1898 ) ;
#1316 = ADVANCED_FACE ( 'NONE', ( #1229 ), #1872, .F. ) ;
#1317 = EDGE_LOOP ( 'NONE', ( #1335, #408, #1664, #1083 ) ) ;
#1318 = CARTESIAN_POINT ( 'NONE',  ( -15.00000000000000000, 15.00000000000000000, 0.000000000000000000 ) ) ;
#1319 = CARTESIAN_POINT ( 'NONE',  ( 10.00000000000003553, 9.999999999999964473, 300.0000000000000000 ) ) ;
#1320 = CARTESIAN_POINT ( 'NONE',  ( -10.40007142674936169, 8.999999999999998224, 300.0000000000000000 ) ) ;
#1321 = FACE_BOUND ( 'NONE', #1593, .T. ) ;
#1322 = DIRECTION ( 'NONE',  ( -6.938893903907228378E-15, -1.000000000000000000, 0.000000000000000000 ) ) ;
#1323 = VERTEX_POINT ( 'NONE', #84 ) ;
#1324 = VECTOR ( 'NONE', #375, 1000.000000000000000 ) ;
#1325 = VECTOR ( 'NONE', #666, 1000.000000000000000 ) ;
#1326 = AXIS2_PLACEMENT_3D ( 'NONE', #1228, #1713, #1386 ) ;
#1327 = ADVANCED_FACE ( 'NONE', ( #1595 ), #941, .F. ) ;
#1328 = CARTESIAN_POINT ( 'NONE',  ( 0.000000000000000000, 0.000000000000000000, 0.000000000000000000 ) ) ;
#1329 = DIRECTION ( 'NONE',  ( 0.000000000000000000, 0.000000000000000000, 1.000000000000000000 ) ) ;
#1330 = LINE ( 'NONE', #692, #2069 ) ;
#1331 = DIRECTION ( 'NONE',  ( -0.7071067811865523467, -0.7071067811865426878, 0.000000000000000000 ) ) ;
#1332 = CARTESIAN_POINT ( 'NONE',  ( -15.00000000000000000, 15.00000000000000000, 300.0000000000000000 ) ) ;
#1333 = VERTEX_POINT ( 'NONE', #435 ) ;
#1334 = VECTOR ( 'NONE', #1260, 1000.000000000000000 ) ;
#1335 = ORIENTED_EDGE ( 'NONE', *, *, #283, .T. ) ;
#1336 = PRODUCT_DEFINITION_FORMATION_WITH_SPECIFIED_SOURCE ( 'ANY', '', #318, .NOT_KNOWN. ) ;
#1337 = EDGE_CURVE ( 'NONE', #1553, #351, #1096, .T. ) ;
#1338 = DIRECTION ( 'NONE',  ( -1.000000000000000000, 6.688090509790098396E-15, 0.000000000000000000 ) ) ;
#1339 = DIRECTION ( 'NONE',  ( 9.107298248878237246E-15, 1.000000000000000000, -0.000000000000000000 ) ) ;
#1340 = FACE_BOUND ( 'NONE', #738, .T. ) ;
#1341 = DIRECTION ( 'NONE',  ( 0.7071067811865549002, 0.7071067811865402453, 0.000000000000000000 ) ) ;
#1342 = ORIENTED_EDGE ( 'NONE', *, *, #1697, .F. ) ;
#1343 = VERTEX_POINT ( 'NONE', #920 ) ;
#1344 = DIRECTION ( 'NONE',  ( 0.7071067811865475727, -0.7071067811865474617, 0.000000000000000000 ) ) ;
#1345 = CARTESIAN_POINT ( 'NONE',  ( -15.00000000000004796, -4.849999999999842437, 300.0000000000000000 ) ) ;
#1346 = VECTOR ( 'NONE', #1545, 1000.000000000000000 ) ;
#1347 = CARTESIAN_POINT ( 'NONE',  ( 14.00000000000005684, 13.99999999999995026, 0.000000000000000000 ) ) ;
#1348 = LINE ( 'NONE', #529, #827 ) ;
#1349 = EDGE_CURVE ( 'NONE', #1503, #1652, #112, .T. ) ;
#1350 = ORIENTED_EDGE ( 'NONE', *, *, #1852, .F. ) ;
#1351 = DIRECTION ( 'NONE',  ( 1.000000000000000000, 0.000000000000000000, 0.000000000000000000 ) ) ;
#1352 = ORIENTED_EDGE ( 'NONE', *, *, #2040, .F. ) ;
#1353 = VECTOR ( 'NONE', #430, 1000.000000000000000 ) ;
#1354 = ORIENTED_EDGE ( 'NONE', *, *, #1185, .F. ) ;
#1355 = DIRECTION ( 'NONE',  ( 1.000000000000000000, -1.036347537060374224E-14, 0.000000000000000000 ) ) ;
#1356 = CARTESIAN_POINT ( 'NONE',  ( 8.999999999999909406, -13.00000000000006217, 300.0000000000000000 ) ) ;
#1357 = LINE ( 'NONE', #403, #1427 ) ;
#1358 = CARTESIAN_POINT ( 'NONE',  ( 8.999999999999927169, -10.40007142674942564, 0.000000000000000000 ) ) ;
#1359 = VERTEX_POINT ( 'NONE', #1575 ) ;
#1360 = CARTESIAN_POINT ( 'NONE',  ( -13.99999999999999822, 14.00000000000000888, 300.0000000000000000 ) ) ;
#1361 = ADVANCED_FACE ( 'NONE', ( #908 ), #615, .F. ) ;
#1362 = ORIENTED_EDGE ( 'NONE', *, *, #1039, .T. ) ;
#1363 = EDGE_CURVE ( 'NONE', #487, #1458, #1714, .T. ) ;
#1364 = ORIENTED_EDGE ( 'NONE', *, *, #305, .F. ) ;
#1365 = VECTOR ( 'NONE', #828, 1000.000000000000000 ) ;
#1366 = CARTESIAN_POINT ( 'NONE',  ( -15.00000000000000000, 4.849999999999997868, 0.000000000000000000 ) ) ;
#1367 = LINE ( 'NONE', #1707, #2013 ) ;
#1368 = VECTOR ( 'NONE', #1500, 1000.000000000000000 ) ;
#1369 = LINE ( 'NONE', #1347, #235 ) ;
#1370 = LINE ( 'NONE', #274, #1737 ) ;
#1371 = VECTOR ( 'NONE', #1001, 1000.000000000000000 ) ;
#1372 = ORIENTED_EDGE ( 'NONE', *, *, #106, .T. ) ;
#1373 = CARTESIAN_POINT ( 'NONE',  ( -10.40007142674936169, 8.999999999999998224, 300.0000000000000000 ) ) ;
#1374 = CARTESIAN_POINT ( 'NONE',  ( -13.99999999999999822, 10.00000000000000000, 0.000000000000000000 ) ) ;
#1375 = ORIENTED_EDGE ( 'NONE', *, *, #1436, .F. ) ;
#1376 = VERTEX_POINT ( 'NONE', #1070 ) ;
#1377 = EDGE_CURVE ( 'NONE', #1972, #717, #1753, .T. ) ;
#1378 = ORIENTED_EDGE ( 'NONE', *, *, #1290, .F. ) ;
#1379 = EDGE_CURVE ( 'NONE', #1501, #1068, #1586, .T. ) ;
#1380 = ORIENTED_EDGE ( 'NONE', *, *, #1379, .F. ) ;
#1381 = DIRECTION ( 'NONE',  ( 1.000000000000000000, 0.000000000000000000, 0.000000000000000000 ) ) ;
#1382 = LINE ( 'NONE', #1879, #617 ) ;
#1383 = PLANE ( 'NONE',  #1030 ) ;
#1384 = CARTESIAN_POINT ( 'NONE',  ( 9.999999999999900524, -14.00000000000006928, 0.000000000000000000 ) ) ;
#1385 = VERTEX_POINT ( 'NONE', #748 ) ;
#1386 = DIRECTION ( 'NONE',  ( -1.000000000000000000, 3.336098333285977441E-15, 0.000000000000000000 ) ) ;
#1387 = CARTESIAN_POINT ( 'NONE',  ( -9.000000000000133227, -12.99999999999990763, 0.000000000000000000 ) ) ;
#1388 = ORIENTED_EDGE ( 'NONE', *, *, #865, .T. ) ;
#1389 = VERTEX_POINT ( 'NONE', #1374 ) ;
#1390 = VECTOR ( 'NONE', #13, 1000.000000000000000 ) ;
#1391 = ORIENTED_EDGE ( 'NONE', *, *, #912, .F. ) ;
#1392 = ORIENTED_EDGE ( 'NONE', *, *, #465, .T. ) ;
#1393 = VECTOR ( 'NONE', #1177, 1000.000000000000000 ) ;
#1394 = DIRECTION ( 'NONE',  ( -0.000000000000000000, -0.000000000000000000, -1.000000000000000000 ) ) ;
#1395 = LINE ( 'NONE', #1208, #1431 ) ;
#1396 = ADVANCED_FACE ( 'NONE', ( #1921 ), #251, .F. ) ;
#1397 = CARTESIAN_POINT ( 'NONE',  ( 4.850000000000042277, 12.99999999999998401, 300.0000000000000000 ) ) ;
#1398 = FACE_OUTER_BOUND ( 'NONE', #862, .T. ) ;
#1399 = VERTEX_POINT ( 'NONE', #863 ) ;
#1400 = CARTESIAN_POINT ( 'NONE',  ( -13.00000000000000178, 8.999999999999998224, 300.0000000000000000 ) ) ;
#1401 = DIRECTION ( 'NONE',  ( -0.000000000000000000, -0.000000000000000000, -1.000000000000000000 ) ) ;
#1402 = ORIENTED_EDGE ( 'NONE', *, *, #465, .F. ) ;
#1403 = ORIENTED_EDGE ( 'NONE', *, *, #1206, .T. ) ;
#1404 = ORIENTED_EDGE ( 'NONE', *, *, #795, .F. ) ;
#1405 = AXIS2_PLACEMENT_3D ( 'NONE', #405, #744, #453 ) ;
#1406 = LINE ( 'NONE', #2065, #1855 ) ;
#1407 = DIRECTION ( 'NONE',  ( -5.637851296924623057E-15, -1.000000000000000000, 0.000000000000000000 ) ) ;
#1408 = CARTESIAN_POINT ( 'NONE',  ( 12.99999999999993783, -9.000000000000087041, 300.0000000000000000 ) ) ;
#1409 = EDGE_CURVE ( 'NONE', #969, #1941, #434, .T. ) ;
#1410 = LINE ( 'NONE', #1583, #1084 ) ;
#1411 = AXIS2_PLACEMENT_3D ( 'NONE', #107, #452, #1101 ) ;
#1412 = ORIENTED_EDGE ( 'NONE', *, *, #57, .T. ) ;
#1413 = FACE_OUTER_BOUND ( 'NONE', #1465, .T. ) ;
#1414 = EDGE_CURVE ( 'NONE', #522, #852, #2032, .T. ) ;
#1415 = CARTESIAN_POINT ( 'NONE',  ( 14.99999999999993783, -9.000000000000101252, 300.0000000000000000 ) ) ;
#1416 = ORIENTED_EDGE ( 'NONE', *, *, #940, .F. ) ;
#1417 = DIRECTION ( 'NONE',  ( -0.000000000000000000, -0.000000000000000000, -1.000000000000000000 ) ) ;
#1418 = FACE_OUTER_BOUND ( 'NONE', #1151, .T. ) ;
#1419 = CARTESIAN_POINT ( 'NONE',  ( -3.849928573250635200, 5.250000000000000000, 300.0000000000000000 ) ) ;
#1420 = ADVANCED_FACE ( 'NONE', ( #1700 ), #1055, .F. ) ;
#1421 = ORIENTED_EDGE ( 'NONE', *, *, #1662, .T. ) ;
#1422 = CARTESIAN_POINT ( 'NONE',  ( 10.40007142674939544, 8.999999999999962697, 300.0000000000000000 ) ) ;
#1423 = DIRECTION ( 'NONE',  ( 0.7071067811865523467, 0.7071067811865426878, -0.000000000000000000 ) ) ;
#1424 = EDGE_CURVE ( 'NONE', #1476, #1492, #97, .T. ) ;
#1425 = VERTEX_POINT ( 'NONE', #250 ) ;
#1426 = PLANE ( 'NONE',  #413 ) ;
#1427 = VECTOR ( 'NONE', #1837, 1000.000000000000000 ) ;
#1428 = PLANE ( 'NONE',  #37 ) ;
#1429 = DIRECTION ( 'NONE',  ( 6.938893903907228378E-15, 1.000000000000000000, 0.000000000000000000 ) ) ;
#1430 = VECTOR ( 'NONE', #763, 1000.000000000000000 ) ;
#1431 = VECTOR ( 'NONE', #1529, 1000.000000000000000 ) ;
#1432 = ORIENTED_EDGE ( 'NONE', *, *, #993, .T. ) ;
#1433 = DIRECTION ( 'NONE',  ( -1.000000000000000000, 3.469446951953606695E-15, 0.000000000000000000 ) ) ;
#1434 = DIRECTION ( 'NONE',  ( -1.000000000000000000, 6.938893903907228378E-15, 0.000000000000000000 ) ) ;
#1435 = AXIS2_PLACEMENT_3D ( 'NONE', #285, #302, #1589 ) ;
#1436 = EDGE_CURVE ( 'NONE', #1492, #1970, #724, .T. ) ;
#1437 = EDGE_LOOP ( 'NONE', ( #1962, #508, #874, #1815, #1135, #229, #737, #1300, #1834, #306, #1372, #2048, #1133, #1033, #783, #1421, #315, #873, #540, #1186, #697, #1388, #437, #2043, #391, #1085, #330, #1298, #2058, #1763, #257, #1108, #48, #938, #586, #425, #1486, #956, #275, #63, #530, #477, #1680, #1984 ) ) ;
#1438 = ADVANCED_FACE ( 'NONE', ( #2012 ), #885, .T. ) ;
#1439 = FACE_OUTER_BOUND ( 'NONE', #289, .T. ) ;
#1440 = PLANE ( 'NONE',  #1067 ) ;
#1441 = CARTESIAN_POINT ( 'NONE',  ( 4.850000000000049383, 14.99999999999998224, 0.000000000000000000 ) ) ;
#1442 = VERTEX_POINT ( 'NONE', #1871 ) ;
#1443 = DIRECTION ( 'NONE',  ( -3.336098333285973102E-15, -1.000000000000000000, 0.000000000000000000 ) ) ;
#1444 = DIRECTION ( 'NONE',  ( -0.7071067811865475727, 0.7071067811865474617, -0.000000000000000000 ) ) ;
#1445 = AXIS2_PLACEMENT_3D ( 'NONE', #634, #470, #611 ) ;
#1446 = AXIS2_PLACEMENT_3D ( 'NONE', #1477, #1312, #509 ) ;
#1447 = VERTEX_POINT ( 'NONE', #59 ) ;
#1448 = EDGE_CURVE ( 'NONE', #1068, #1389, #69, .T. ) ;
#1449 = CARTESIAN_POINT ( 'NONE',  ( -5.250000000000000000, 3.849928573250637420, 0.000000000000000000 ) ) ;
#1450 = EDGE_CURVE ( 'NONE', #144, #750, #1726, .T. ) ;
#1451 = DIRECTION ( 'NONE',  ( 1.000000000000000000, -6.270084852928217197E-15, -0.000000000000000000 ) ) ;
#1452 = VERTEX_POINT ( 'NONE', #1861 ) ;
#1453 = FACE_OUTER_BOUND ( 'NONE', #2096, .T. ) ;
#1454 = EDGE_LOOP ( 'NONE', ( #415, #1035, #1870, #669 ) ) ;
#1455 = CARTESIAN_POINT ( 'NONE',  ( 8.999999999999909406, -13.00000000000006217, 300.0000000000000000 ) ) ;
#1456 = ORIENTED_EDGE ( 'NONE', *, *, #1006, .T. ) ;
#1457 = VECTOR ( 'NONE', #591, 1000.000000000000000 ) ;
#1458 = VERTEX_POINT ( 'NONE', #423 ) ;
#1459 = CARTESIAN_POINT ( 'NONE',  ( -4.850000000000132871, -12.99999999999995026, 300.0000000000000000 ) ) ;
#1460 = DIRECTION ( 'NONE',  ( 1.000000000000000000, -6.688090509790099974E-15, 0.000000000000000000 ) ) ;
#1461 = ADVANCED_FACE ( 'NONE', ( #1069 ), #594, .F. ) ;
#1462 = LINE ( 'NONE', #653, #321 ) ;
#1463 = EDGE_LOOP ( 'NONE', ( #1538, #825, #124, #85 ) ) ;
#1464 = PLANE ( 'NONE',  #512 ) ;
#1465 = EDGE_LOOP ( 'NONE', ( #52, #1378, #1624, #2080 ) ) ;
#1466 = EDGE_CURVE ( 'NONE', #180, #1442, #1535, .T. ) ;
#1467 = CARTESIAN_POINT ( 'NONE',  ( -3.849928573250691599, -5.249999999999960032, 0.000000000000000000 ) ) ;
#1468 = VECTOR ( 'NONE', #2039, 1000.000000000000000 ) ;
#1469 = ORIENTED_EDGE ( 'NONE', *, *, #633, .F. ) ;
#1470 = LINE ( 'NONE', #332, #1015 ) ;
#1471 = CARTESIAN_POINT ( 'NONE',  ( -13.99999999999999822, 14.00000000000000888, 0.000000000000000000 ) ) ;
#1472 = PLANE ( 'NONE',  #710 ) ;
#1473 = EDGE_CURVE ( 'NONE', #1576, #1778, #1547, .T. ) ;
#1474 = VERTEX_POINT ( 'NONE', #1559 ) ;
#1475 = CARTESIAN_POINT ( 'NONE',  ( 4.849999999999908162, -13.00000000000003375, 300.0000000000000000 ) ) ;
#1476 = VERTEX_POINT ( 'NONE', #1850 ) ;
#1477 = CARTESIAN_POINT ( 'NONE',  ( 8.999999999999909406, -13.00000000000006217, 300.0000000000000000 ) ) ;
#1478 = EDGE_CURVE ( 'NONE', #593, #1231, #83, .T. ) ;
#1479 = ORIENTED_EDGE ( 'NONE', *, *, #2040, .T. ) ;
#1480 = AXIS2_PLACEMENT_3D ( 'NONE', #856, #517, #1329 ) ;
#1481 = LINE ( 'NONE', #1142, #1390 ) ;
#1482 = CARTESIAN_POINT ( 'NONE',  ( 10.00000000000003553, 9.999999999999964473, 0.000000000000000000 ) ) ;
#1483 = CARTESIAN_POINT ( 'NONE',  ( -2.500000000000000000, 0.000000000000000000, 0.000000000000000000 ) ) ;
#1484 = CARTESIAN_POINT ( 'NONE',  ( 15.00000000000005151, 14.99999999999994671, 0.000000000000000000 ) ) ;
#1485 = DIRECTION ( 'NONE',  ( 1.000000000000000000, -9.107298248878237246E-15, -0.000000000000000000 ) ) ;
#1486 = ORIENTED_EDGE ( 'NONE', *, *, #1607, .T. ) ;
#1487 = EDGE_CURVE ( 'NONE', #717, #75, #735, .T. ) ;
#1488 = CARTESIAN_POINT ( 'NONE',  ( 3.849928573250598340, -5.250000000000027534, 0.000000000000000000 ) ) ;
#1489 = CARTESIAN_POINT ( 'NONE',  ( 4.849999999999908162, -13.00000000000003375, 300.0000000000000000 ) ) ;
#1490 = CARTESIAN_POINT ( 'NONE',  ( 8.999999999999909406, -13.00000000000006217, 0.000000000000000000 ) ) ;
#1491 = CARTESIAN_POINT ( 'NONE',  ( 13.00000000000001599, 4.849999999999954348, 0.000000000000000000 ) ) ;
#1492 = VERTEX_POINT ( 'NONE', #581 ) ;
#1493 = AXIS2_PLACEMENT_3D ( 'NONE', #2104, #290, #1920 ) ;
#1494 = ORIENTED_EDGE ( 'NONE', *, *, #53, .T. ) ;
#1495 = AXIS2_PLACEMENT_3D ( 'NONE', #98, #1082, #1214 ) ;
#1496 = EDGE_CURVE ( 'NONE', #929, #353, #1241, .T. ) ;
#1497 = CARTESIAN_POINT ( 'NONE',  ( -10.00000000000014744, -13.99999999999989519, 0.000000000000000000 ) ) ;
#1498 = CARTESIAN_POINT ( 'NONE',  ( 13.99999999999990052, -14.00000000000010658, 300.0000000000000000 ) ) ;
#1499 = LINE ( 'NONE', #1821, #1567 ) ;
#1500 = DIRECTION ( 'NONE',  ( 0.7071067811865426878, -0.7071067811865524577, -0.000000000000000000 ) ) ;
#1501 = VERTEX_POINT ( 'NONE', #872 ) ;
#1502 = VECTOR ( 'NONE', #325, 1000.000000000000000 ) ;
#1503 = VERTEX_POINT ( 'NONE', #1034 ) ;
#1504 = AXIS2_PLACEMENT_3D ( 'NONE', #2109, #1786, #21 ) ;
#1505 = PRODUCT_CONTEXT ( 'NONE', #652, 'mechanical' ) ;
#1506 = EDGE_LOOP ( 'NONE', ( #1159, #88, #814, #1780 ) ) ;
#1507 = DIRECTION ( 'NONE',  ( 1.000000000000000000, -3.469446951953614189E-15, -0.000000000000000000 ) ) ;
#1508 = FACE_OUTER_BOUND ( 'NONE', #2106, .T. ) ;
#1509 = ADVANCED_FACE ( 'NONE', ( #1690 ), #226, .T. ) ;
#1510 = DIRECTION ( 'NONE',  ( 3.469446951953614189E-15, 1.000000000000000000, 0.000000000000000000 ) ) ;
#1511 = DIRECTION ( 'NONE',  ( -0.000000000000000000, -0.000000000000000000, -1.000000000000000000 ) ) ;
#1512 = ORIENTED_EDGE ( 'NONE', *, *, #1139, .T. ) ;
#1513 = CARTESIAN_POINT ( 'NONE',  ( -13.99999999999999822, 14.00000000000000888, 0.000000000000000000 ) ) ;
#1514 = ORIENTED_EDGE ( 'NONE', *, *, #2124, .T. ) ;
#1515 = ADVANCED_BREP_SHAPE_REPRESENTATION ( 'base', ( #363, #1825 ), #323 ) ;
#1516 = UNCERTAINTY_MEASURE_WITH_UNIT (LENGTH_MEASURE( 1.000000000000000082E-05 ), #1828, 'distance_accuracy_value', 'NONE');
#1517 = CARTESIAN_POINT ( 'NONE',  ( -13.00000000000000178, 8.999999999999998224, 0.000000000000000000 ) ) ;
#1518 = CARTESIAN_POINT ( 'NONE',  ( 14.00000000000005684, 13.99999999999995026, 300.0000000000000000 ) ) ;
#1519 = DIRECTION ( 'NONE',  ( -1.003213576468514720E-14, -1.000000000000000000, 0.000000000000000000 ) ) ;
#1520 = EDGE_CURVE ( 'NONE', #1896, #1701, #111, .T. ) ;
#1521 = CARTESIAN_POINT ( 'NONE',  ( 5.250000000000013323, 3.849928573250616992, 0.000000000000000000 ) ) ;
#1522 = VERTEX_POINT ( 'NONE', #1115 ) ;
#1523 = CARTESIAN_POINT ( 'NONE',  ( -14.00000000000015454, -13.99999999999985079, 300.0000000000000000 ) ) ;
#1524 = ADVANCED_FACE ( 'NONE', ( #1413 ), #455, .T. ) ;
#1525 = ORIENTED_EDGE ( 'NONE', *, *, #1473, .F. ) ;
#1526 = VECTOR ( 'NONE', #563, 1000.000000000000000 ) ;
#1527 = ORIENTED_EDGE ( 'NONE', *, *, #233, .F. ) ;
#1528 = LINE ( 'NONE', #1366, #1587 ) ;
#1529 = DIRECTION ( 'NONE',  ( -0.000000000000000000, -0.000000000000000000, -1.000000000000000000 ) ) ;
#1530 =( GEOMETRIC_REPRESENTATION_CONTEXT ( 3 ) GLOBAL_UNCERTAINTY_ASSIGNED_CONTEXT ( ( #218 ) ) GLOBAL_UNIT_ASSIGNED_CONTEXT ( ( #764, #2077, #796 ) ) REPRESENTATION_CONTEXT ( 'NONE', 'WORKASPACE' ) );
#1531 = DIRECTION ( 'NONE',  ( 0.7071067811865475727, -0.7071067811865474617, 0.000000000000000000 ) ) ;
#1532 = LINE ( 'NONE', #1869, #1334 ) ;
#1533 = EDGE_CURVE ( 'NONE', #1908, #1442, #121, .T. ) ;
#1534 = ORIENTED_EDGE ( 'NONE', *, *, #1363, .F. ) ;
#1535 = LINE ( 'NONE', #894, #1219 ) ;
#1536 = ORIENTED_EDGE ( 'NONE', *, *, #681, .T. ) ;
#1537 = EDGE_CURVE ( 'NONE', #336, #1385, #1752, .T. ) ;
#1538 = ORIENTED_EDGE ( 'NONE', *, *, #187, .F. ) ;
#1539 = ORIENTED_EDGE ( 'NONE', *, *, #499, .F. ) ;
#1540 = VECTOR ( 'NONE', #334, 1000.000000000000000 ) ;
#1541 = FACE_BOUND ( 'NONE', #1716, .T. ) ;
#1542 = DIRECTION ( 'NONE',  ( -1.000000000000000000, 6.672196666571946204E-15, 0.000000000000000000 ) ) ;
#1543 = VECTOR ( 'NONE', #1511, 1000.000000000000000 ) ;
#1544 = LINE ( 'NONE', #418, #1141 ) ;
#1545 = DIRECTION ( 'NONE',  ( 1.003213576468514720E-14, 1.000000000000000000, 0.000000000000000000 ) ) ;
#1546 = ORIENTED_EDGE ( 'NONE', *, *, #1793, .T. ) ;
#1547 = LINE ( 'NONE', #264, #376 ) ;
#1548 = EDGE_CURVE ( 'NONE', #140, #705, #2072, .T. ) ;
#1549 = LINE ( 'NONE', #2045, #1875 ) ;
#1550 = ORIENTED_EDGE ( 'NONE', *, *, #654, .F. ) ;
#1551 = VERTEX_POINT ( 'NONE', #2081 ) ;
#1552 = ADVANCED_FACE ( 'NONE', ( #1453 ), #1931, .T. ) ;
#1553 = VERTEX_POINT ( 'NONE', #1585 ) ;
#1554 = CARTESIAN_POINT ( 'NONE',  ( -10.00000000000014744, -13.99999999999989519, 300.0000000000000000 ) ) ;
#1555 = LINE ( 'NONE', #260, #447 ) ;
#1556 = CARTESIAN_POINT ( 'NONE',  ( 0.000000000000000000, 0.000000000000000000, 300.0000000000000000 ) ) ;
#1557 = LINE ( 'NONE', #612, #807 ) ;
#1558 = EDGE_LOOP ( 'NONE', ( #1059, #1562, #498, #1288 ) ) ;
#1559 = CARTESIAN_POINT ( 'NONE',  ( -5.250000000000000000, 3.849928573250637420, 300.0000000000000000 ) ) ;
#1560 = LINE ( 'NONE', #568, #878 ) ;
#1561 = ORIENTED_EDGE ( 'NONE', *, *, #238, .T. ) ;
#1562 = ORIENTED_EDGE ( 'NONE', *, *, #1039, .F. ) ;
#1563 = VECTOR ( 'NONE', #1805, 1000.000000000000000 ) ;
#1564 = EDGE_LOOP ( 'NONE', ( #1534, #1212, #569, #2115, #236, #689, #2046, #1739, #1354, #2103, #1732, #2122, #714, #1016, #1402, #922, #175, #952, #776, #1044, #1883, #1639, #1539, #511, #225, #1217, #793, #1626, #1007, #1888, #2031, #298, #1161, #1938, #328, #188, #626, #1630, #482, #1889, #1404, #2061, #1566, #500 ) ) ;
#1565 = ADVANCED_FACE ( 'NONE', ( #947 ), #919, .F. ) ;
#1566 = ORIENTED_EDGE ( 'NONE', *, *, #40, .F. ) ;
#1567 = VECTOR ( 'NONE', #1660, 1000.000000000000000 ) ;
#1568 = CARTESIAN_POINT ( 'NONE',  ( 4.850000000000049383, 14.99999999999998224, 300.0000000000000000 ) ) ;
#1569 = DIRECTION ( 'NONE',  ( -1.000000000000000000, 5.637851296924623057E-15, 0.000000000000000000 ) ) ;
#1570 = ADVANCED_FACE ( 'NONE', ( #930 ), #1594, .F. ) ;
#1571 = CARTESIAN_POINT ( 'NONE',  ( -13.00000000000009059, -8.999999999999863221, 0.000000000000000000 ) ) ;
#1572 = DIRECTION ( 'NONE',  ( -0.000000000000000000, -0.000000000000000000, -1.000000000000000000 ) ) ;
#1573 = ORIENTED_EDGE ( 'NONE', *, *, #1072, .T. ) ;
#1574 = DIRECTION ( 'NONE',  ( 1.000000000000000000, -6.688090509790099185E-15, 0.000000000000000000 ) ) ;
#1575 = CARTESIAN_POINT ( 'NONE',  ( -15.00000000000004796, -4.849999999999842437, 0.000000000000000000 ) ) ;
#1576 = VERTEX_POINT ( 'NONE', #130 ) ;
#1577 = ORIENTED_EDGE ( 'NONE', *, *, #727, .F. ) ;
#1578 = ORIENTED_EDGE ( 'NONE', *, *, #681, .F. ) ;
#1579 = LINE ( 'NONE', #1235, #12 ) ;
#1580 = CARTESIAN_POINT ( 'NONE',  ( 9.000000000000033751, 10.40007142674933149, 300.0000000000000000 ) ) ;
#1581 = DIRECTION ( 'NONE',  ( -3.344045254895049987E-15, -1.000000000000000000, 0.000000000000000000 ) ) ;
#1582 = EDGE_CURVE ( 'NONE', #1964, #1323, #1769, .T. ) ;
#1583 = CARTESIAN_POINT ( 'NONE',  ( 12.99999999999993783, -9.000000000000087041, 0.000000000000000000 ) ) ;
#1584 = VERTEX_POINT ( 'NONE', #299 ) ;
#1585 = CARTESIAN_POINT ( 'NONE',  ( -15.00000000000015632, -14.99999999999984190, 300.0000000000000000 ) ) ;
#1586 = LINE ( 'NONE', #123, #1704 ) ;
#1587 = VECTOR ( 'NONE', #1381, 1000.000000000000000 ) ;
#1588 = ORIENTED_EDGE ( 'NONE', *, *, #1619, .F. ) ;
#1589 = DIRECTION ( 'NONE',  ( -0.7071067811865475727, 0.7071067811865474617, 0.000000000000000000 ) ) ;
#1590 = CARTESIAN_POINT ( 'NONE',  ( 14.00000000000005862, 13.99999999999995026, 0.000000000000000000 ) ) ;
#1591 = FACE_OUTER_BOUND ( 'NONE', #1645, .T. ) ;
#1592 = ADVANCED_FACE ( 'NONE', ( #939 ), #483, .F. ) ;
#1593 = EDGE_LOOP ( 'NONE', ( #2051, #2011, #1391, #263 ) ) ;
#1594 = PLANE ( 'NONE',  #1127 ) ;
#1595 = FACE_OUTER_BOUND ( 'NONE', #484, .T. ) ;
#1596 = EDGE_CURVE ( 'NONE', #584, #705, #1740, .T. ) ;
#1597 = LINE ( 'NONE', #632, #1606 ) ;
#1598 = VECTOR ( 'NONE', #32, 1000.000000000000000 ) ;
#1599 = AXIS2_PLACEMENT_3D ( 'NONE', #1604, #141, #1779 ) ;
#1600 = DIRECTION ( 'NONE',  ( 1.000000000000000000, -6.672196666571946204E-15, 0.000000000000000000 ) ) ;
#1601 = PLANE ( 'NONE',  #1717 ) ;
#1602 = VECTOR ( 'NONE', #1741, 1000.000000000000000 ) ;
#1603 = ORIENTED_EDGE ( 'NONE', *, *, #44, .T. ) ;
#1604 = CARTESIAN_POINT ( 'NONE',  ( 0.000000000000000000, 0.000000000000000000, 300.0000000000000000 ) ) ;
#1605 = CARTESIAN_POINT ( 'NONE',  ( 3.849928573250655628, 5.249999999999987566, 300.0000000000000000 ) ) ;
#1606 = VECTOR ( 'NONE', #1118, 1000.000000000000000 ) ;
#1607 = EDGE_CURVE ( 'NONE', #179, #336, #276, .T. ) ;
#1608 = ORIENTED_EDGE ( 'NONE', *, *, #1337, .F. ) ;
#1609 = CARTESIAN_POINT ( 'NONE',  ( -13.99999999999999822, 10.00000000000000000, 300.0000000000000000 ) ) ;
#1610 = VECTOR ( 'NONE', #1451, 1000.000000000000000 ) ;
#1611 = DIRECTION ( 'NONE',  ( 1.000000000000000000, -3.344045254895049987E-15, 0.000000000000000000 ) ) ;
#1612 = CARTESIAN_POINT ( 'NONE',  ( -13.99999999999999822, 14.00000000000000888, 300.0000000000000000 ) ) ;
#1613 = ORIENTED_EDGE ( 'NONE', *, *, #1582, .T. ) ;
#1614 = PLANE ( 'NONE',  #680 ) ;
#1615 = ORIENTED_EDGE ( 'NONE', *, *, #912, .T. ) ;
#1616 = DIRECTION ( 'NONE',  ( 6.688090509790100763E-15, 1.000000000000000000, 0.000000000000000000 ) ) ;
#1617 = VECTOR ( 'NONE', #1280, 1000.000000000000000 ) ;
#1618 = ORIENTED_EDGE ( 'NONE', *, *, #1267, .T. ) ;
#1619 = EDGE_CURVE ( 'NONE', #1097, #2022, #1095, .T. ) ;
#1620 = SURFACE_STYLE_USAGE ( .BOTH. , #1904 ) ;
#1621 = EDGE_CURVE ( 'NONE', #1701, #1954, #1939, .T. ) ;
#1622 = LINE ( 'NONE', #1646, #1365 ) ;
#1623 = CARTESIAN_POINT ( 'NONE',  ( 5.250000000000013323, 3.849928573250616992, 0.000000000000000000 ) ) ;
#1624 = ORIENTED_EDGE ( 'NONE', *, *, #1952, .T. ) ;
#1625 = DIRECTION ( 'NONE',  ( -0.000000000000000000, -0.000000000000000000, -1.000000000000000000 ) ) ;
#1626 = ORIENTED_EDGE ( 'NONE', *, *, #622, .F. ) ;
#1627 = CARTESIAN_POINT ( 'NONE',  ( 14.99999999999993783, -9.000000000000101252, 0.000000000000000000 ) ) ;
#1628 = ORIENTED_EDGE ( 'NONE', *, *, #1051, .F. ) ;
#1629 = AXIS2_PLACEMENT_3D ( 'NONE', #1894, #1724, #766 ) ;
#1630 = ORIENTED_EDGE ( 'NONE', *, *, #198, .F. ) ;
#1631 = VERTEX_POINT ( 'NONE', #316 ) ;
#1632 = ADVANCED_FACE ( 'NONE', ( #957 ), #1614, .F. ) ;
#1633 = CARTESIAN_POINT ( 'NONE',  ( 9.999999999999928946, -10.00000000000006928, 300.0000000000000000 ) ) ;
#1634 = CARTESIAN_POINT ( 'NONE',  ( 13.99999999999990052, -14.00000000000010658, 300.0000000000000000 ) ) ;
#1635 = CARTESIAN_POINT ( 'NONE',  ( 13.00000000000001599, 4.849999999999954348, 300.0000000000000000 ) ) ;
#1636 = ADVANCED_FACE ( 'NONE', ( #686, #1340, #1321, #1992, #1789, #327 ), #811, .T. ) ;
#1637 = ORIENTED_EDGE ( 'NONE', *, *, #1729, .F. ) ;
#1638 = CARTESIAN_POINT ( 'NONE',  ( -9.000000000000104805, -10.40007142674926754, 300.0000000000000000 ) ) ;
#1639 = ORIENTED_EDGE ( 'NONE', *, *, #1923, .F. ) ;
#1640 = DIRECTION ( 'NONE',  ( -1.000000000000000000, 3.469446951953613400E-15, 0.000000000000000000 ) ) ;
#1641 = VECTOR ( 'NONE', #1968, 1000.000000000000000 ) ;
#1642 = ORIENTED_EDGE ( 'NONE', *, *, #1607, .F. ) ;
#1643 = ORIENTED_EDGE ( 'NONE', *, *, #1122, .T. ) ;
#1644 = STYLED_ITEM ( 'NONE', ( #1090 ), #363 ) ;
#1645 = EDGE_LOOP ( 'NONE', ( #2004, #173, #1948, #1702 ) ) ;
#1646 = CARTESIAN_POINT ( 'NONE',  ( 15.00000000000005151, 14.99999999999994671, 300.0000000000000000 ) ) ;
#1647 = DIRECTION ( 'NONE',  ( 1.000000000000000000, -1.045014142154703234E-14, 0.000000000000000000 ) ) ;
#1648 = DIRECTION ( 'NONE',  ( -1.000000000000000000, 9.107298248878237246E-15, 0.000000000000000000 ) ) ;
#1649 = DIRECTION ( 'NONE',  ( 0.000000000000000000, -0.000000000000000000, -1.000000000000000000 ) ) ;
#1650 = EDGE_CURVE ( 'NONE', #2085, #906, #992, .T. ) ;
#1651 = DIRECTION ( 'NONE',  ( -1.000000000000000000, 3.344045254895050381E-15, 0.000000000000000000 ) ) ;
#1652 = VERTEX_POINT ( 'NONE', #194 ) ;
#1653 = VECTOR ( 'NONE', #817, 1000.000000000000000 ) ;
#1654 = VECTOR ( 'NONE', #17, 1000.000000000000000 ) ;
#1655 = VECTOR ( 'NONE', #1076, 1000.000000000000000 ) ;
#1656 = DIRECTION ( 'NONE',  ( 1.067551466651511361E-14, 1.000000000000000000, 0.000000000000000000 ) ) ;
#1657 = APPLICATION_PROTOCOL_DEFINITION ( 'draft international standard', 'automotive_design', 1998, #652 ) ;
#1658 = LINE ( 'NONE', #1488, #389 ) ;
#1659 = PLANE ( 'NONE',  #61 ) ;
#1660 = DIRECTION ( 'NONE',  ( 1.000000000000000000, 0.000000000000000000, 0.000000000000000000 ) ) ;
#1661 = LINE ( 'NONE', #833, #361 ) ;
#1662 = EDGE_CURVE ( 'NONE', #918, #1783, #161, .T. ) ;
#1663 = ORIENTED_EDGE ( 'NONE', *, *, #2070, .F. ) ;
#1664 = ORIENTED_EDGE ( 'NONE', *, *, #1864, .F. ) ;
#1665 = ADVANCED_FACE ( 'NONE', ( #840 ), #1464, .F. ) ;
#1666 = LINE ( 'NONE', #1174, #1540 ) ;
#1667 = LINE ( 'NONE', #866, #1109 ) ;
#1668 = CARTESIAN_POINT ( 'NONE',  ( 13.00000000000003020, 8.999999999999953815, 300.0000000000000000 ) ) ;
#1669 = CARTESIAN_POINT ( 'NONE',  ( 14.99999999999989519, -15.00000000000010303, 300.0000000000000000 ) ) ;
#1670 = LINE ( 'NONE', #1184, #1906 ) ;
#1671 = VERTEX_POINT ( 'NONE', #1490 ) ;
#1672 = VECTOR ( 'NONE', #349, 1000.000000000000000 ) ;
#1673 = ORIENTED_EDGE ( 'NONE', *, *, #1253, .T. ) ;
#1674 = EDGE_CURVE ( 'NONE', #705, #1315, #968, .T. ) ;
#1675 = ORIENTED_EDGE ( 'NONE', *, *, #2056, .T. ) ;
#1676 = LINE ( 'NONE', #1845, #1762 ) ;
#1677 = CARTESIAN_POINT ( 'NONE',  ( -10.40007142674945584, -8.999999999999889866, 0.000000000000000000 ) ) ;
#1678 = PLANE ( 'NONE',  #779 ) ;
#1679 = CARTESIAN_POINT ( 'NONE',  ( -13.00000000000000178, 4.849999999999997868, 300.0000000000000000 ) ) ;
#1680 = ORIENTED_EDGE ( 'NONE', *, *, #1621, .T. ) ;
#1681 = VECTOR ( 'NONE', #577, 1000.000000000000000 ) ;
#1682 = VECTOR ( 'NONE', #1307, 1000.000000000000000 ) ;
#1683 = EDGE_CURVE ( 'NONE', #550, #728, #1831, .T. ) ;
#1684 = ORIENTED_EDGE ( 'NONE', *, *, #1450, .F. ) ;
#1685 = DIRECTION ( 'NONE',  ( -0.000000000000000000, -0.000000000000000000, -1.000000000000000000 ) ) ;
#1686 = CARTESIAN_POINT ( 'NONE',  ( 5.249999999999973355, -3.849928573250674280, 300.0000000000000000 ) ) ;
#1687 = DIRECTION ( 'NONE',  ( -0.000000000000000000, 0.000000000000000000, -1.000000000000000000 ) ) ;
#1688 = DIRECTION ( 'NONE',  ( -1.036347537060374224E-14, -1.000000000000000000, -0.000000000000000000 ) ) ;
#1689 = ORIENTED_EDGE ( 'NONE', *, *, #2023, .F. ) ;
#1690 = FACE_OUTER_BOUND ( 'NONE', #2117, .T. ) ;
#1691 = VERTEX_POINT ( 'NONE', #359 ) ;
#1692 = ORIENTED_EDGE ( 'NONE', *, *, #471, .T. ) ;
#1693 = EDGE_CURVE ( 'NONE', #707, #639, #1944, .T. ) ;
#1694 = DIRECTION ( 'NONE',  ( -1.084202172485504434E-14, -1.000000000000000000, 0.000000000000000000 ) ) ;
#1695 = LINE ( 'NONE', #1029, #1163 ) ;
#1696 = DIRECTION ( 'NONE',  ( -0.000000000000000000, 1.000000000000000000, -0.000000000000000000 ) ) ;
#1697 = EDGE_CURVE ( 'NONE', #1799, #886, #1958, .T. ) ;
#1698 = CARTESIAN_POINT ( 'NONE',  ( -10.40007142674936169, 8.999999999999998224, 0.000000000000000000 ) ) ;
#1699 = VERTEX_POINT ( 'NONE', #1475 ) ;
#1700 = FACE_OUTER_BOUND ( 'NONE', #749, .T. ) ;
#1701 = VERTEX_POINT ( 'NONE', #1146 ) ;
#1702 = ORIENTED_EDGE ( 'NONE', *, *, #89, .T. ) ;
#1703 = AXIS2_PLACEMENT_3D ( 'NONE', #467, #1124, #2114 ) ;
#1704 = VECTOR ( 'NONE', #770, 1000.000000000000000 ) ;
#1705 = ORIENTED_EDGE ( 'NONE', *, *, #1770, .T. ) ;
#1706 = CARTESIAN_POINT ( 'NONE',  ( 3.849928573250598340, -5.250000000000027534, 0.000000000000000000 ) ) ;
#1707 = CARTESIAN_POINT ( 'NONE',  ( 8.999999999999909406, -13.00000000000006217, 300.0000000000000000 ) ) ;
#1708 = VECTOR ( 'NONE', #1444, 1000.000000000000000 ) ;
#1709 = PLANE ( 'NONE',  #2099 ) ;
#1710 = FACE_OUTER_BOUND ( 'NONE', #502, .T. ) ;
#1711 = EDGE_CURVE ( 'NONE', #1323, #1908, #1980, .T. ) ;
#1712 = ORIENTED_EDGE ( 'NONE', *, *, #604, .T. ) ;
#1713 = DIRECTION ( 'NONE',  ( 3.336098333285977441E-15, 1.000000000000000000, -0.000000000000000000 ) ) ;
#1714 = LINE ( 'NONE', #1252, #951 ) ;
#1715 = ORIENTED_EDGE ( 'NONE', *, *, #253, .F. ) ;
#1716 = EDGE_LOOP ( 'NONE', ( #1061, #921 ) ) ;
#1717 = AXIS2_PLACEMENT_3D ( 'NONE', #159, #2110, #2101 ) ;
#1718 = ORIENTED_EDGE ( 'NONE', *, *, #1363, .T. ) ;
#1719 = VERTEX_POINT ( 'NONE', #1669 ) ;
#1720 = CARTESIAN_POINT ( 'NONE',  ( 0.000000000000000000, 0.000000000000000000, 0.000000000000000000 ) ) ;
#1721 = DIRECTION ( 'NONE',  ( 6.984081228015562270E-15, 1.000000000000000000, 0.000000000000000000 ) ) ;
#1722 = VECTOR ( 'NONE', #195, 1000.000000000000000 ) ;
#1723 = DIRECTION ( 'NONE',  ( 0.000000000000000000, 0.000000000000000000, 1.000000000000000000 ) ) ;
#1724 = DIRECTION ( 'NONE',  ( 3.469446951953614189E-15, 1.000000000000000000, -0.000000000000000000 ) ) ;
#1725 = ORIENTED_EDGE ( 'NONE', *, *, #268, .T. ) ;
#1726 = LINE ( 'NONE', #1373, #1840 ) ;
#1727 = DIRECTION ( 'NONE',  ( 0.000000000000000000, 0.000000000000000000, 1.000000000000000000 ) ) ;
#1728 = ORIENTED_EDGE ( 'NONE', *, *, #549, .T. ) ;
#1729 = EDGE_CURVE ( 'NONE', #1886, #179, #337, .T. ) ;
#1730 = ORIENTED_EDGE ( 'NONE', *, *, #618, .T. ) ;
#1731 = EDGE_CURVE ( 'NONE', #1964, #1268, #1800, .T. ) ;
#1732 = ORIENTED_EDGE ( 'NONE', *, *, #844, .F. ) ;
#1733 = ORIENTED_EDGE ( 'NONE', *, *, #1520, .F. ) ;
#1734 = LINE ( 'NONE', #284, #1278 ) ;
#1735 = CARTESIAN_POINT ( 'NONE',  ( 13.99999999999990052, -14.00000000000010658, 300.0000000000000000 ) ) ;
#1736 = DIRECTION ( 'NONE',  ( -0.000000000000000000, 1.000000000000000000, -0.000000000000000000 ) ) ;
#1737 = VECTOR ( 'NONE', #443, 1000.000000000000000 ) ;
#1738 = CARTESIAN_POINT ( 'NONE',  ( -10.40007142674936169, 8.999999999999998224, 0.000000000000000000 ) ) ;
#1739 = ORIENTED_EDGE ( 'NONE', *, *, #670, .F. ) ;
#1740 = LINE ( 'NONE', #2093, #949 ) ;
#1741 = DIRECTION ( 'NONE',  ( 1.067551466651511361E-14, 1.000000000000000000, 0.000000000000000000 ) ) ;
#1742 = ORIENTED_EDGE ( 'NONE', *, *, #1537, .F. ) ;
#1743 = EDGE_CURVE ( 'NONE', #1231, #144, #1499, .T. ) ;
#1744 = ORIENTED_EDGE ( 'NONE', *, *, #1112, .F. ) ;
#1745 = EDGE_CURVE ( 'NONE', #1474, #354, #850, .T. ) ;
#1746 = LINE ( 'NONE', #1878, #726 ) ;
#1747 = VECTOR ( 'NONE', #1721, 1000.000000000000000 ) ;
#1748 = LINE ( 'NONE', #479, #1985 ) ;
#1749 = CARTESIAN_POINT ( 'NONE',  ( -9.999999999999998224, 14.00000000000000000, 0.000000000000000000 ) ) ;
#1750 = CARTESIAN_POINT ( 'NONE',  ( -4.850000000000153300, -14.99999999999994849, 300.0000000000000000 ) ) ;
#1751 = ORIENTED_EDGE ( 'NONE', *, *, #865, .F. ) ;
#1752 = LINE ( 'NONE', #800, #341 ) ;
#1753 = LINE ( 'NONE', #131, #1162 ) ;
#1754 = ADVANCED_FACE ( 'NONE', ( #1969 ), #1811, .F. ) ;
#1755 = DIRECTION ( 'NONE',  ( 1.000000000000000000, 0.000000000000000000, 0.000000000000000000 ) ) ;
#1756 = PLANE ( 'NONE',  #212 ) ;
#1757 = AXIS2_PLACEMENT_3D ( 'NONE', #1932, #638, #970 ) ;
#1758 = EDGE_CURVE ( 'NONE', #140, #46, #675, .T. ) ;
#1759 = VERTEX_POINT ( 'NONE', #1484 ) ;
#1760 = DIRECTION ( 'NONE',  ( 5.637851296924623057E-15, 1.000000000000000000, -0.000000000000000000 ) ) ;
#1761 = DIRECTION ( 'NONE',  ( -1.000000000000000000, 1.045014142154703234E-14, 0.000000000000000000 ) ) ;
#1762 = VECTOR ( 'NONE', #1808, 1000.000000000000000 ) ;
#1763 = ORIENTED_EDGE ( 'NONE', *, *, #1758, .T. ) ;
#1764 = DIRECTION ( 'NONE',  ( -0.000000000000000000, -0.000000000000000000, -1.000000000000000000 ) ) ;
#1765 = CARTESIAN_POINT ( 'NONE',  ( 14.00000000000003730, 9.999999999999950262, 300.0000000000000000 ) ) ;
#1766 = EDGE_CURVE ( 'NONE', #707, #1804, #16, .T. ) ;
#1767 = CARTESIAN_POINT ( 'NONE',  ( -10.40007142674945584, -8.999999999999889866, 300.0000000000000000 ) ) ;
#1768 = VERTEX_POINT ( 'NONE', #1183 ) ;
#1769 = LINE ( 'NONE', #777, #1979 ) ;
#1770 = EDGE_CURVE ( 'NONE', #836, #1799, #1022, .T. ) ;
#1771 = DIRECTION ( 'NONE',  ( -0.000000000000000000, -0.000000000000000000, -1.000000000000000000 ) ) ;
#1772 = ORIENTED_EDGE ( 'NONE', *, *, #449, .F. ) ;
#1773 = LINE ( 'NONE', #1609, #987 ) ;
#1774 = VECTOR ( 'NONE', #1433, 1000.000000000000000 ) ;
#1775 = PLANE ( 'NONE',  #1890 ) ;
#1776 = CARTESIAN_POINT ( 'NONE',  ( -14.00000000000015454, -13.99999999999985079, 300.0000000000000000 ) ) ;
#1777 = VECTOR ( 'NONE', #1884, 1000.000000000000000 ) ;
#1778 = VERTEX_POINT ( 'NONE', #54 ) ;
#1779 = DIRECTION ( 'NONE',  ( -1.000000000000000000, 0.000000000000000000, 0.000000000000000000 ) ) ;
#1780 = ORIENTED_EDGE ( 'NONE', *, *, #961, .T. ) ;
#1781 = CARTESIAN_POINT ( 'NONE',  ( 3.849928573250598340, -5.250000000000027534, 300.0000000000000000 ) ) ;
#1782 = EDGE_CURVE ( 'NONE', #1268, #1908, #1369, .T. ) ;
#1783 = VERTEX_POINT ( 'NONE', #247 ) ;
#1784 = LINE ( 'NONE', #1459, #350 ) ;
#1785 = VECTOR ( 'NONE', #1937, 1000.000000000000000 ) ;
#1786 = DIRECTION ( 'NONE',  ( -1.000000000000000000, 3.379394142588160647E-15, 0.000000000000000000 ) ) ;
#1787 = PLANE ( 'NONE',  #1062 ) ;
#1788 = EDGE_LOOP ( 'NONE', ( #1392, #644, #897, #320 ) ) ;
#1789 = FACE_BOUND ( 'NONE', #90, .T. ) ;
#1790 = ORIENTED_EDGE ( 'NONE', *, *, #333, .F. ) ;
#1791 = LINE ( 'NONE', #1301, #883 ) ;
#1792 = ORIENTED_EDGE ( 'NONE', *, *, #590, .F. ) ;
#1793 = EDGE_CURVE ( 'NONE', #380, #1458, #66, .T. ) ;
#1794 = ORIENTED_EDGE ( 'NONE', *, *, #122, .T. ) ;
#1795 = ADVANCED_FACE ( 'NONE', ( #564 ), #544, .F. ) ;
#1796 = LINE ( 'NONE', #1306, #1563 ) ;
#1797 = CARTESIAN_POINT ( 'NONE',  ( -13.99999999999999822, 10.00000000000000000, 0.000000000000000000 ) ) ;
#1798 = CARTESIAN_POINT ( 'NONE',  ( -15.00000000000004796, -4.849999999999842437, 300.0000000000000000 ) ) ;
#1799 = VERTEX_POINT ( 'NONE', #1031 ) ;
#1800 = LINE ( 'NONE', #203, #1018 ) ;
#1801 = ORIENTED_EDGE ( 'NONE', *, *, #1169, .F. ) ;
#1802 = DIRECTION ( 'NONE',  ( -0.000000000000000000, -0.000000000000000000, -1.000000000000000000 ) ) ;
#1803 = EDGE_LOOP ( 'NONE', ( #29, #2075, #1230, #1728 ) ) ;
#1804 = VERTEX_POINT ( 'NONE', #1210 ) ;
#1805 = DIRECTION ( 'NONE',  ( -0.000000000000000000, -0.000000000000000000, -1.000000000000000000 ) ) ;
#1806 = EDGE_CURVE ( 'NONE', #2085, #2015, #860, .T. ) ;
#1807 = DIRECTION ( 'NONE',  ( 6.688090509790099974E-15, 1.000000000000000000, 0.000000000000000000 ) ) ;
#1808 = DIRECTION ( 'NONE',  ( -1.098658201451977774E-14, -1.000000000000000000, -0.000000000000000000 ) ) ;
#1809 = LINE ( 'NONE', #1635, #1324 ) ;
#1810 = VECTOR ( 'NONE', #43, 1000.000000000000000 ) ;
#1811 = PLANE ( 'NONE',  #1293 ) ;
#1812 = ORIENTED_EDGE ( 'NONE', *, *, #1414, .T. ) ;
#1813 = LINE ( 'NONE', #994, #1917 ) ;
#1814 = VECTOR ( 'NONE', #877, 1000.000000000000000 ) ;
#1815 = ORIENTED_EDGE ( 'NONE', *, *, #1743, .T. ) ;
#1816 = AXIS2_PLACEMENT_3D ( 'NONE', #154, #164, #352 ) ;
#1817 = LINE ( 'NONE', #816, #1942 ) ;
#1818 = EDGE_CURVE ( 'NONE', #1970, #166, #1357, .T. ) ;
#1819 = DIRECTION ( 'NONE',  ( -0.000000000000000000, -0.000000000000000000, -1.000000000000000000 ) ) ;
#1820 = CARTESIAN_POINT ( 'NONE',  ( -15.00000000000008882, -8.999999999999841904, 300.0000000000000000 ) ) ;
#1821 = CARTESIAN_POINT ( 'NONE',  ( -13.00000000000000178, 8.999999999999998224, 300.0000000000000000 ) ) ;
#1822 = ADVANCED_FACE ( 'NONE', ( #701 ), #1678, .F. ) ;
#1823 = CARTESIAN_POINT ( 'NONE',  ( 5.249999999999973355, -3.849928573250674280, 300.0000000000000000 ) ) ;
#1824 = ORIENTED_EDGE ( 'NONE', *, *, #1026, .T. ) ;
#1825 = AXIS2_PLACEMENT_3D ( 'NONE', #1328, #1987, #1009 ) ;
#1826 = ORIENTED_EDGE ( 'NONE', *, *, #356, .T. ) ;
#1827 = VECTOR ( 'NONE', #1616, 1000.000000000000000 ) ;
#1828 =( LENGTH_UNIT ( ) NAMED_UNIT ( * ) SI_UNIT ( .MILLI., .METRE. ) );
#1829 = DIRECTION ( 'NONE',  ( 0.000000000000000000, 1.000000000000000000, 0.000000000000000000 ) ) ;
#1830 = CARTESIAN_POINT ( 'NONE',  ( 15.00000000000005151, 14.99999999999994671, 0.000000000000000000 ) ) ;
#1831 = LINE ( 'NONE', #1012, #1672 ) ;
#1832 = PLANE ( 'NONE',  #1276 ) ;
#1833 = EDGE_CURVE ( 'NONE', #1941, #178, #1224, .T. ) ;
#1834 = ORIENTED_EDGE ( 'NONE', *, *, #716, .T. ) ;
#1835 = CARTESIAN_POINT ( 'NONE',  ( 10.40007142674939544, 8.999999999999962697, 300.0000000000000000 ) ) ;
#1836 = DIRECTION ( 'NONE',  ( -1.000000000000000000, 6.938893903907212600E-15, 0.000000000000000000 ) ) ;
#1837 = DIRECTION ( 'NONE',  ( 1.003213576468514720E-14, 1.000000000000000000, 0.000000000000000000 ) ) ;
#1838 = DIRECTION ( 'NONE',  ( 1.000000000000000000, -1.069746143519030779E-14, 0.000000000000000000 ) ) ;
#1839 = ORIENTED_EDGE ( 'NONE', *, *, #1056, .T. ) ;
#1840 = VECTOR ( 'NONE', #715, 1000.000000000000000 ) ;
#1841 = ORIENTED_EDGE ( 'NONE', *, *, #642, .T. ) ;
#1842 = EDGE_CURVE ( 'NONE', #639, #707, #598, .T. ) ;
#1843 = ADVANCED_FACE ( 'NONE', ( #553 ), #1191, .F. ) ;
#1844 = ORIENTED_EDGE ( 'NONE', *, *, #2000, .T. ) ;
#1845 = CARTESIAN_POINT ( 'NONE',  ( -15.00000000000015632, -14.99999999999984190, 0.000000000000000000 ) ) ;
#1846 = LINE ( 'NONE', #532, #241 ) ;
#1847 = CARTESIAN_POINT ( 'NONE',  ( -14.00000000000015454, -13.99999999999985079, 300.0000000000000000 ) ) ;
#1848 = DIRECTION ( 'NONE',  ( -1.000000000000000000, 3.469446951953606695E-15, 0.000000000000000000 ) ) ;
#1849 = ORIENTED_EDGE ( 'NONE', *, *, #1424, .F. ) ;
#1850 = CARTESIAN_POINT ( 'NONE',  ( -10.40007142674945584, -8.999999999999889866, 300.0000000000000000 ) ) ;
#1851 = ORIENTED_EDGE ( 'NONE', *, *, #654, .T. ) ;
#1852 = EDGE_CURVE ( 'NONE', #1631, #584, #261, .T. ) ;
#1853 = ADVANCED_FACE ( 'NONE', ( #868 ), #1709, .T. ) ;
#1854 = EDGE_LOOP ( 'NONE', ( #209, #572, #871, #1675 ) ) ;
#1855 = VECTOR ( 'NONE', #876, 1000.000000000000000 ) ;
#1856 = CARTESIAN_POINT ( 'NONE',  ( -4.849999999999999645, 15.00000000000000000, 300.0000000000000000 ) ) ;
#1857 = CARTESIAN_POINT ( 'NONE',  ( -9.000000000000000000, 14.99999999999999822, 300.0000000000000000 ) ) ;
#1858 = DIRECTION ( 'NONE',  ( 1.000000000000000000, 0.000000000000000000, -0.000000000000000000 ) ) ;
#1859 = LINE ( 'NONE', #851, #725 ) ;
#1860 = ORIENTED_EDGE ( 'NONE', *, *, #1466, .F. ) ;
#1861 = CARTESIAN_POINT ( 'NONE',  ( -9.999999999999998224, 10.00000000000000000, 0.000000000000000000 ) ) ;
#1862 = EDGE_LOOP ( 'NONE', ( #68, #49, #457, #1243 ) ) ;
#1863 = ORIENTED_EDGE ( 'NONE', *, *, #356, .F. ) ;
#1864 = EDGE_CURVE ( 'NONE', #1551, #1896, #1544, .T. ) ;
#1865 = FACE_BOUND ( 'NONE', #153, .T. ) ;
#1866 = LINE ( 'NONE', #1857, #985 ) ;
#1867 = EDGE_CURVE ( 'NONE', #144, #1474, #232, .T. ) ;
#1868 = DIRECTION ( 'NONE',  ( -6.688090509790100763E-15, -1.000000000000000000, -0.000000000000000000 ) ) ;
#1869 = CARTESIAN_POINT ( 'NONE',  ( -4.850000000000153300, -14.99999999999994849, 0.000000000000000000 ) ) ;
#1870 = ORIENTED_EDGE ( 'NONE', *, *, #608, .T. ) ;
#1871 = CARTESIAN_POINT ( 'NONE',  ( 10.00000000000004796, 13.99999999999996447, 0.000000000000000000 ) ) ;
#1872 = PLANE ( 'NONE',  #2087 ) ;
#1873 = EDGE_LOOP ( 'NONE', ( #129, #444, #599, #1362 ) ) ;
#1874 = AXIS2_PLACEMENT_3D ( 'NONE', #1523, #556, #1283 ) ;
#1875 = VECTOR ( 'NONE', #1401, 1000.000000000000000 ) ;
#1876 = ORIENTED_EDGE ( 'NONE', *, *, #2111, .F. ) ;
#1877 = EDGE_LOOP ( 'NONE', ( #740, #884, #661, #60 ) ) ;
#1878 = CARTESIAN_POINT ( 'NONE',  ( 9.000000000000042633, 12.99999999999996980, 0.000000000000000000 ) ) ;
#1879 = CARTESIAN_POINT ( 'NONE',  ( 14.00000000000003553, 9.999999999999950262, 0.000000000000000000 ) ) ;
#1880 = CARTESIAN_POINT ( 'NONE',  ( 13.99999999999990052, -14.00000000000010658, 0.000000000000000000 ) ) ;
#1881 = ADVANCED_FACE ( 'NONE', ( #732 ), #1383, .T. ) ;
#1882 = CARTESIAN_POINT ( 'NONE',  ( 9.000000000000033751, 10.40007142674933149, 300.0000000000000000 ) ) ;
#1883 = ORIENTED_EDGE ( 'NONE', *, *, #713, .F. ) ;
#1884 = DIRECTION ( 'NONE',  ( -0.000000000000000000, -0.000000000000000000, -1.000000000000000000 ) ) ;
#1885 = DIRECTION ( 'NONE',  ( -0.7071067811865426878, 0.7071067811865523467, 0.000000000000000000 ) ) ;
#1886 = VERTEX_POINT ( 'NONE', #1397 ) ;
#1887 = VECTOR ( 'NONE', #1967, 1000.000000000000000 ) ;
#1888 = ORIENTED_EDGE ( 'NONE', *, *, #501, .F. ) ;
#1889 = ORIENTED_EDGE ( 'NONE', *, *, #560, .F. ) ;
#1890 = AXIS2_PLACEMENT_3D ( 'NONE', #954, #149, #602 ) ;
#1891 = CARTESIAN_POINT ( 'NONE',  ( -13.00000000000000178, 8.999999999999998224, 300.0000000000000000 ) ) ;
#1892 = DIRECTION ( 'NONE',  ( -1.000000000000000000, 1.000829499985793311E-14, -0.000000000000000000 ) ) ;
#1893 = LINE ( 'NONE', #2067, #794 ) ;
#1894 = CARTESIAN_POINT ( 'NONE',  ( 15.00000000000001599, 4.849999999999947242, 300.0000000000000000 ) ) ;
#1895 = PRODUCT_DEFINITION ( 'UNKNOWN', '', #1336, #1197 ) ;
#1896 = VERTEX_POINT ( 'NONE', #534 ) ;
#1897 = CARTESIAN_POINT ( 'NONE',  ( -14.00000000000010303, -9.999999999999850786, 300.0000000000000000 ) ) ;
#1898 = CARTESIAN_POINT ( 'NONE',  ( 13.00000000000003020, 8.999999999999953815, 0.000000000000000000 ) ) ;
#1899 = VERTEX_POINT ( 'NONE', #126 ) ;
#1900 = EDGE_CURVE ( 'NONE', #1452, #28, #1091, .T. ) ;
#1901 = EDGE_LOOP ( 'NONE', ( #698, #1240, #249, #723 ) ) ;
#1902 = EDGE_LOOP ( 'NONE', ( #2020, #1996, #1364, #1561 ) ) ;
#1903 = DIRECTION ( 'NONE',  ( -3.469446951953616950E-15, -1.000000000000000000, 0.000000000000000000 ) ) ;
#1904 = SURFACE_SIDE_STYLE ('',( #925 ) ) ;
#1905 = DIRECTION ( 'NONE',  ( -6.672196666571946204E-15, -1.000000000000000000, 0.000000000000000000 ) ) ;
#1906 = VECTOR ( 'NONE', #703, 1000.000000000000114 ) ;
#1907 = CARTESIAN_POINT ( 'NONE',  ( 4.850000000000049383, 14.99999999999998224, 0.000000000000000000 ) ) ;
#1908 = VERTEX_POINT ( 'NONE', #1590 ) ;
#1909 = DIRECTION ( 'NONE',  ( 1.000000000000000000, 0.000000000000000000, 0.000000000000000000 ) ) ;
#1910 = CARTESIAN_POINT ( 'NONE',  ( 10.00000000000004796, 13.99999999999996447, 0.000000000000000000 ) ) ;
#1911 = EDGE_CURVE ( 'NONE', #1804, #82, #458, .T. ) ;
#1912 = ORIENTED_EDGE ( 'NONE', *, *, #961, .F. ) ;
#1913 = LINE ( 'NONE', #1910, #2050 ) ;
#1914 = VECTOR ( 'NONE', #552, 1000.000000000000000 ) ;
#1915 = DIRECTION ( 'NONE',  ( -1.000000000000000000, 0.000000000000000000, 0.000000000000000000 ) ) ;
#1916 = FACE_OUTER_BOUND ( 'NONE', #688, .T. ) ;
#1917 = VECTOR ( 'NONE', #1434, 1000.000000000000000 ) ;
#1918 = CARTESIAN_POINT ( 'NONE',  ( 10.40007142674929952, -9.000000000000071054, 300.0000000000000000 ) ) ;
#1919 = ORIENTED_EDGE ( 'NONE', *, *, #1806, .F. ) ;
#1920 = DIRECTION ( 'NONE',  ( 1.000000000000000000, -2.168404344971008868E-15, 0.000000000000000000 ) ) ;
#1921 = FACE_OUTER_BOUND ( 'NONE', #279, .T. ) ;
#1922 = ORIENTED_EDGE ( 'NONE', *, *, #1185, .T. ) ;
#1923 = EDGE_CURVE ( 'NONE', #1447, #906, #754, .T. ) ;
#1924 = CARTESIAN_POINT ( 'NONE',  ( -15.00000000000000000, 4.849999999999997868, 300.0000000000000000 ) ) ;
#1925 = ADVANCED_FACE ( 'NONE', ( #624 ), #774, .F. ) ;
#1926 = AXIS2_PLACEMENT_3D ( 'NONE', #344, #651, #988 ) ;
#1927 = CARTESIAN_POINT ( 'NONE',  ( 9.999999999999900524, -14.00000000000006928, 300.0000000000000000 ) ) ;
#1928 = LINE ( 'NONE', #635, #592 ) ;
#1929 = VECTOR ( 'NONE', #1041, 1000.000000000000000 ) ;
#1930 = ORIENTED_EDGE ( 'NONE', *, *, #2084, .F. ) ;
#1931 = PLANE ( 'NONE',  #1493 ) ;
#1932 = CARTESIAN_POINT ( 'NONE',  ( 3.849928573250598340, -5.250000000000027534, 300.0000000000000000 ) ) ;
#1933 = VECTOR ( 'NONE', #889, 1000.000000000000000 ) ;
#1934 = EDGE_LOOP ( 'NONE', ( #580, #893, #1193, #278 ) ) ;
#1935 = DIRECTION ( 'NONE',  ( -0.7071067811865402453, 0.7071067811865547892, 0.000000000000000000 ) ) ;
#1936 = ADVANCED_FACE ( 'NONE', ( #295 ), #1428, .T. ) ;
#1937 = DIRECTION ( 'NONE',  ( 3.379394142588160647E-15, 1.000000000000000000, -0.000000000000000000 ) ) ;
#1938 = ORIENTED_EDGE ( 'NONE', *, *, #1056, .F. ) ;
#1939 = LINE ( 'NONE', #445, #1160 ) ;
#1940 = LINE ( 'NONE', #1781, #62 ) ;
#1941 = VERTEX_POINT ( 'NONE', #273 ) ;
#1942 = VECTOR ( 'NONE', #1955, 1000.000000000000000 ) ;
#1943 = CARTESIAN_POINT ( 'NONE',  ( 14.00000000000005684, 13.99999999999995026, 300.0000000000000000 ) ) ;
#1944 = CIRCLE ( 'NONE', #616, 2.500000000000000000 ) ;
#1945 = DIRECTION ( 'NONE',  ( -1.000000000000000000, 2.891205793294678326E-16, -0.000000000000000000 ) ) ;
#1946 = LINE ( 'NONE', #798, #1610 ) ;
#1947 = ADVANCED_FACE ( 'NONE', ( #1237 ), #1440, .F. ) ;
#1948 = ORIENTED_EDGE ( 'NONE', *, *, #184, .F. ) ;
#1949 = CARTESIAN_POINT ( 'NONE',  ( 9.999999999999900524, -14.00000000000006928, 300.0000000000000000 ) ) ;
#1950 = ORIENTED_EDGE ( 'NONE', *, *, #780, .T. ) ;
#1951 = DIRECTION ( 'NONE',  ( -0.000000000000000000, -0.000000000000000000, -1.000000000000000000 ) ) ;
#1952 = EDGE_CURVE ( 'NONE', #2022, #1425, #935, .T. ) ;
#1953 = ORIENTED_EDGE ( 'NONE', *, *, #421, .F. ) ;
#1954 = VERTEX_POINT ( 'NONE', #786 ) ;
#1955 = DIRECTION ( 'NONE',  ( -0.000000000000000000, 1.000000000000000000, -0.000000000000000000 ) ) ;
#1956 = DIRECTION ( 'NONE',  ( 6.938893903907226800E-15, 1.000000000000000000, 0.000000000000000000 ) ) ;
#1957 = ORIENTED_EDGE ( 'NONE', *, *, #2010, .F. ) ;
#1958 = LINE ( 'NONE', #495, #407 ) ;
#1959 = ORIENTED_EDGE ( 'NONE', *, *, #716, .F. ) ;
#1960 = LINE ( 'NONE', #177, #73 ) ;
#1961 = VECTOR ( 'NONE', #191, 1000.000000000000000 ) ;
#1962 = ORIENTED_EDGE ( 'NONE', *, *, #633, .T. ) ;
#1963 = EDGE_CURVE ( 'NONE', #1896, #550, #313, .T. ) ;
#1964 = VERTEX_POINT ( 'NONE', #1765 ) ;
#1965 = ORIENTED_EDGE ( 'NONE', *, *, #128, .T. ) ;
#1966 = FACE_OUTER_BOUND ( 'NONE', #677, .T. ) ;
#1967 = DIRECTION ( 'NONE',  ( -1.000000000000000000, 2.168404344971008868E-15, -0.000000000000000000 ) ) ;
#1968 = DIRECTION ( 'NONE',  ( 2.252929428392148941E-16, -1.000000000000000000, 0.000000000000000000 ) ) ;
#1969 = FACE_OUTER_BOUND ( 'NONE', #982, .T. ) ;
#1970 = VERTEX_POINT ( 'NONE', #1571 ) ;
#1971 = CARTESIAN_POINT ( 'NONE',  ( -9.999999999999998224, 10.00000000000000000, 300.0000000000000000 ) ) ;
#1972 = VERTEX_POINT ( 'NONE', #927 ) ;
#1973 = ORIENTED_EDGE ( 'NONE', *, *, #1448, .F. ) ;
#1974 = ADVANCED_FACE ( 'NONE', ( #1120 ), #1259, .F. ) ;
#1975 = CARTESIAN_POINT ( 'NONE',  ( -13.00000000000004974, -4.849999999999862865, 300.0000000000000000 ) ) ;
#1976 =( NAMED_UNIT ( * ) SI_UNIT ( $, .STERADIAN. ) SOLID_ANGLE_UNIT ( ) );
#1977 = LINE ( 'NONE', #22, #294 ) ;
#1978 = LINE ( 'NONE', #1489, #578 ) ;
#1979 = VECTOR ( 'NONE', #1760, 1000.000000000000000 ) ;
#1980 = LINE ( 'NONE', #368, #917 ) ;
#1981 = DIRECTION ( 'NONE',  ( 1.000000000000000000, -6.938893903907228378E-15, 0.000000000000000000 ) ) ;
#1982 = AXIS2_PLACEMENT_3D ( 'NONE', #896, #456, #409 ) ;
#1983 = ORIENTED_EDGE ( 'NONE', *, *, #1302, .T. ) ;
#1984 = ORIENTED_EDGE ( 'NONE', *, *, #207, .T. ) ;
#1985 = VECTOR ( 'NONE', #1130, 1000.000000000000000 ) ;
#1986 = ADVANCED_FACE ( 'NONE', ( #765 ), #2100, .F. ) ;
#1987 = DIRECTION ( 'NONE',  ( 0.000000000000000000, 0.000000000000000000, 1.000000000000000000 ) ) ;
#1988 = LINE ( 'NONE', #829, #77 ) ;
#1989 = CARTESIAN_POINT ( 'NONE',  ( 9.000000000000042633, 12.99999999999996980, 0.000000000000000000 ) ) ;
#1990 = ADVANCED_FACE ( 'NONE', ( #1418 ), #1775, .T. ) ;
#1991 = VECTOR ( 'NONE', #150, 1000.000000000000000 ) ;
#1992 = FACE_OUTER_BOUND ( 'NONE', #1437, .T. ) ;
#1993 = CARTESIAN_POINT ( 'NONE',  ( -9.000000000000000000, 13.00000000000000000, 0.000000000000000000 ) ) ;
#1994 = EDGE_LOOP ( 'NONE', ( #2125, #269, #1204, #1730 ) ) ;
#1995 = AXIS2_PLACEMENT_3D ( 'NONE', #503, #1460, #1807 ) ;
#1996 = ORIENTED_EDGE ( 'NONE', *, *, #89, .F. ) ;
#1997 = PLANE ( 'NONE',  #1003 ) ;
#1998 = LINE ( 'NONE', #183, #1641 ) ;
#1999 = DIRECTION ( 'NONE',  ( 1.127570259384924611E-14, 1.000000000000000000, 0.000000000000000000 ) ) ;
#2000 = EDGE_CURVE ( 'NONE', #1476, #155, #797, .T. ) ;
#2001 = DIRECTION ( 'NONE',  ( -1.000000000000000000, 1.067551466651511361E-14, 0.000000000000000000 ) ) ;
#2002 = EDGE_LOOP ( 'NONE', ( #1588, #1715, #667, #888 ) ) ;
#2003 = VECTOR ( 'NONE', #67, 1000.000000000000000 ) ;
#2004 = ORIENTED_EDGE ( 'NONE', *, *, #146, .T. ) ;
#2005 = DIRECTION ( 'NONE',  ( 1.000000000000000000, 0.000000000000000000, 0.000000000000000000 ) ) ;
#2006 = DIRECTION ( 'NONE',  ( -1.000000000000000000, 1.040834085586085046E-14, -0.000000000000000000 ) ) ;
#2007 = CLOSED_SHELL ( 'NONE', ( #488, #1636, #1239, #1843, #822, #1279, #370, #343, #974, #659, #1565, #1822, #157, #1986, #1327, #1025, #2108, #571, #1974, #475, #1316, #536, #1632, #936, #1461, #1361, #87, #2083, #1947, #1665, #2036, #1795, #1420, #71, #693, #2014, #1925, #926, #792, #1570, #461, #1754, #1100, #319, #989, #855, #1396, #1438, #1304, #1086, #1552, #331, #1853, #1936, #286, #143, #561, #1524, #118, #1592, #1990, #1881, #1209, #1509 ) ) ;
#2008 = CARTESIAN_POINT ( 'NONE',  ( 2.500000000000000000, 3.061616997868383141E-16, 300.0000000000000000 ) ) ;
#2009 = CARTESIAN_POINT ( 'NONE',  ( -5.250000000000039080, -3.849928573250580133, 300.0000000000000000 ) ) ;
#2010 = EDGE_CURVE ( 'NONE', #2015, #1899, #1893, .T. ) ;
#2011 = ORIENTED_EDGE ( 'NONE', *, *, #1196, .F. ) ;
#2012 = FACE_OUTER_BOUND ( 'NONE', #647, .T. ) ;
#2013 = VECTOR ( 'NONE', #890, 1000.000000000000000 ) ;
#2014 = ADVANCED_FACE ( 'NONE', ( #1916 ), #915, .F. ) ;
#2015 = VERTEX_POINT ( 'NONE', #1408 ) ;
#2016 = DIRECTION ( 'NONE',  ( -0.000000000000000000, 0.000000000000000000, 1.000000000000000000 ) ) ;
#2017 = CARTESIAN_POINT ( 'NONE',  ( 10.00000000000004796, 13.99999999999996447, 300.0000000000000000 ) ) ;
#2018 = DIRECTION ( 'NONE',  ( 1.000000000000000000, 0.000000000000000000, 0.000000000000000000 ) ) ;
#2019 = CARTESIAN_POINT ( 'NONE',  ( -9.000000000000133227, -12.99999999999990763, 300.0000000000000000 ) ) ;
#2020 = ORIENTED_EDGE ( 'NONE', *, *, #1098, .T. ) ;
#2021 = DIRECTION ( 'NONE',  ( -1.000000000000000000, 1.045014142154703234E-14, -0.000000000000000000 ) ) ;
#2022 = VERTEX_POINT ( 'NONE', #1633 ) ;
#2023 = EDGE_CURVE ( 'NONE', #1389, #1452, #158, .T. ) ;
#2024 = VECTOR ( 'NONE', #1485, 1000.000000000000000 ) ;
#2025 = ORIENTED_EDGE ( 'NONE', *, *, #1267, .F. ) ;
#2026 = AXIS2_PLACEMENT_3D ( 'NONE', #1167, #192, #1344 ) ;
#2027 = CARTESIAN_POINT ( 'NONE',  ( -14.00000000000010303, -9.999999999999850786, 300.0000000000000000 ) ) ;
#2028 = CARTESIAN_POINT ( 'NONE',  ( 10.40007142674929952, -9.000000000000071054, 0.000000000000000000 ) ) ;
#2029 = DIRECTION ( 'NONE',  ( 1.000000000000000000, -1.084202172485502541E-14, 0.000000000000000000 ) ) ;
#2030 = DIRECTION ( 'NONE',  ( -0.000000000000000000, -0.000000000000000000, -1.000000000000000000 ) ) ;
#2031 = ORIENTED_EDGE ( 'NONE', *, *, #1349, .F. ) ;
#2032 = LINE ( 'NONE', #567, #582 ) ;
#2033 = CARTESIAN_POINT ( 'NONE',  ( 14.00000000000003553, 9.999999999999950262, 0.000000000000000000 ) ) ;
#2034 = EDGE_LOOP ( 'NONE', ( #197, #613, #1959, #244 ) ) ;
#2035 = ORIENTED_EDGE ( 'NONE', *, *, #1674, .T. ) ;
#2036 = ADVANCED_FACE ( 'NONE', ( #4 ), #1131, .F. ) ;
#2037 = ORIENTED_EDGE ( 'NONE', *, *, #767, .F. ) ;
#2038 = LINE ( 'NONE', #741, #1203 ) ;
#2039 = DIRECTION ( 'NONE',  ( -0.000000000000000000, 1.000000000000000000, -0.000000000000000000 ) ) ;
#2040 = EDGE_CURVE ( 'NONE', #1103, #1691, #641, .T. ) ;
#2041 = CARTESIAN_POINT ( 'NONE',  ( -10.00000000000014744, -13.99999999999989519, 300.0000000000000000 ) ) ;
#2042 = CARTESIAN_POINT ( 'NONE',  ( 14.99999999999989519, -15.00000000000010303, 0.000000000000000000 ) ) ;
#2043 = ORIENTED_EDGE ( 'NONE', *, *, #233, .T. ) ;
#2044 = CARTESIAN_POINT ( 'NONE',  ( -9.000000000000133227, -12.99999999999990763, 300.0000000000000000 ) ) ;
#2045 = CARTESIAN_POINT ( 'NONE',  ( -9.999999999999998224, 14.00000000000000000, 300.0000000000000000 ) ) ;
#2046 = ORIENTED_EDGE ( 'NONE', *, *, #604, .F. ) ;
#2047 = AXIS2_PLACEMENT_3D ( 'NONE', #201, #819, #839 ) ;
#2048 = ORIENTED_EDGE ( 'NONE', *, *, #590, .T. ) ;
#2049 = VECTOR ( 'NONE', #2059, 1000.000000000000000 ) ;
#2050 = VECTOR ( 'NONE', #607, 1000.000000000000000 ) ;
#2051 = ORIENTED_EDGE ( 'NONE', *, *, #1414, .F. ) ;
#2052 = ORIENTED_EDGE ( 'NONE', *, *, #1128, .F. ) ;
#2053 = LINE ( 'NONE', #2027, #1933 ) ;
#2054 = DIRECTION ( 'NONE',  ( -1.000000000000000000, 6.938893903907233900E-15, 0.000000000000000000 ) ) ;
#2055 = CARTESIAN_POINT ( 'NONE',  ( -10.40007142674945584, -8.999999999999889866, 300.0000000000000000 ) ) ;
#2056 = EDGE_CURVE ( 'NONE', #1701, #728, #672, .T. ) ;
#2057 = PLANE ( 'NONE',  #489 ) ;
#2058 = ORIENTED_EDGE ( 'NONE', *, *, #1051, .T. ) ;
#2059 = DIRECTION ( 'NONE',  ( -0.000000000000000000, 1.000000000000000000, -0.000000000000000000 ) ) ;
#2060 = PLANE ( 'NONE',  #1495 ) ;
#2061 = ORIENTED_EDGE ( 'NONE', *, *, #993, .F. ) ;
#2062 = VECTOR ( 'NONE', #1956, 1000.000000000000000 ) ;
#2063 = ORIENTED_EDGE ( 'NONE', *, *, #74, .T. ) ;
#2064 = AXIS2_PLACEMENT_3D ( 'NONE', #1556, #1723, #2018 ) ;
#2065 = CARTESIAN_POINT ( 'NONE',  ( -13.99999999999999822, 14.00000000000000888, 300.0000000000000000 ) ) ;
#2066 = CARTESIAN_POINT ( 'NONE',  ( 14.99999999999996447, -4.850000000000102673, 300.0000000000000000 ) ) ;
#2067 = CARTESIAN_POINT ( 'NONE',  ( 12.99999999999993783, -9.000000000000087041, 300.0000000000000000 ) ) ;
#2068 = PLANE ( 'NONE',  #1405 ) ;
#2069 = VECTOR ( 'NONE', #685, 1000.000000000000000 ) ;
#2070 = EDGE_CURVE ( 'NONE', #1172, #1576, #1666, .T. ) ;
#2071 = EDGE_LOOP ( 'NONE', ( #660, #1618, #1145, #657 ) ) ;
#2072 = LINE ( 'NONE', #1422, #1046 ) ;
#2073 = CARTESIAN_POINT ( 'NONE',  ( 10.40007142674929952, -9.000000000000071054, 300.0000000000000000 ) ) ;
#2074 = ORIENTED_EDGE ( 'NONE', *, *, #486, .F. ) ;
#2075 = ORIENTED_EDGE ( 'NONE', *, *, #170, .F. ) ;
#2076 = CARTESIAN_POINT ( 'NONE',  ( 5.249999999999973355, -3.849928573250674280, 0.000000000000000000 ) ) ;
#2077 =( NAMED_UNIT ( * ) PLANE_ANGLE_UNIT ( ) SI_UNIT ( $, .RADIAN. ) );
#2078 = CARTESIAN_POINT ( 'NONE',  ( 0.000000000000000000, 0.000000000000000000, 0.000000000000000000 ) ) ;
#2079 = DIRECTION ( 'NONE',  ( -6.938893903907228378E-15, -1.000000000000000000, -0.000000000000000000 ) ) ;
#2080 = ORIENTED_EDGE ( 'NONE', *, *, #837, .T. ) ;
#2081 = CARTESIAN_POINT ( 'NONE',  ( -9.000000000000000000, 10.40007142674936347, 300.0000000000000000 ) ) ;
#2082 = DIRECTION ( 'NONE',  ( 1.045014142154703234E-14, 1.000000000000000000, -0.000000000000000000 ) ) ;
#2083 = ADVANCED_FACE ( 'NONE', ( #1966 ), #1286, .F. ) ;
#2084 = EDGE_CURVE ( 'NONE', #39, #923, #1000, .T. ) ;
#2085 = VERTEX_POINT ( 'NONE', #480 ) ;
#2086 = VECTOR ( 'NONE', #1868, 1000.000000000000000 ) ;
#2087 = AXIS2_PLACEMENT_3D ( 'NONE', #446, #1423, #1885 ) ;
#2088 = VECTOR ( 'NONE', #1542, 1000.000000000000000 ) ;
#2089 = CARTESIAN_POINT ( 'NONE',  ( -13.00000000000000178, 8.999999999999998224, 300.0000000000000000 ) ) ;
#2090 = CARTESIAN_POINT ( 'NONE',  ( 14.00000000000003553, 9.999999999999950262, 300.0000000000000000 ) ) ;
#2091 = CARTESIAN_POINT ( 'NONE',  ( 10.00000000000004796, 13.99999999999996447, 300.0000000000000000 ) ) ;
#2092 = ORIENTED_EDGE ( 'NONE', *, *, #253, .T. ) ;
#2093 = CARTESIAN_POINT ( 'NONE',  ( 10.40007142674939544, 8.999999999999962697, 0.000000000000000000 ) ) ;
#2094 = PLANE ( 'NONE',  #1446 ) ;
#2095 = EDGE_CURVE ( 'NONE', #70, #487, #168, .T. ) ;
#2096 = EDGE_LOOP ( 'NONE', ( #942, #1311, #1615, #110 ) ) ;
#2097 = EDGE_CURVE ( 'NONE', #46, #1172, #1153, .T. ) ;
#2098 = LINE ( 'NONE', #156, #1265 ) ;
#2099 = AXIS2_PLACEMENT_3D ( 'NONE', #891, #213, #1510 ) ;
#2100 = PLANE ( 'NONE',  #1445 ) ;
#2101 = DIRECTION ( 'NONE',  ( 0.000000000000000000, 0.000000000000000000, 1.000000000000000000 ) ) ;
#2102 = AXIS2_PLACEMENT_3D ( 'NONE', #2019, #2001, #1202 ) ;
#2103 = ORIENTED_EDGE ( 'NONE', *, *, #806, .F. ) ;
#2104 = CARTESIAN_POINT ( 'NONE',  ( -13.99999999999999822, 14.00000000000000888, 300.0000000000000000 ) ) ;
#2105 = CARTESIAN_POINT ( 'NONE',  ( -9.000000000000000000, 10.40007142674936347, 300.0000000000000000 ) ) ;
#2106 = EDGE_LOOP ( 'NONE', ( #1494, #801, #1930, #133 ) ) ;
#2107 = CARTESIAN_POINT ( 'NONE',  ( -14.00000000000010303, -9.999999999999850786, 0.000000000000000000 ) ) ;
#2108 = ADVANCED_FACE ( 'NONE', ( #965 ), #1143, .F. ) ;
#2109 = CARTESIAN_POINT ( 'NONE',  ( 5.250000000000013323, 3.849928573250616992, 300.0000000000000000 ) ) ;
#2110 = DIRECTION ( 'NONE',  ( -1.000000000000000000, 0.000000000000000000, 0.000000000000000000 ) ) ;
#2111 = EDGE_CURVE ( 'NONE', #772, #734, #181, .T. ) ;
#2112 = PRODUCT_DEFINITION_SHAPE ( 'NONE', 'NONE',  #1895 ) ;
#2113 = EDGE_LOOP ( 'NONE', ( #1432, #1684, #163, #1313 ) ) ;
#2114 = DIRECTION ( 'NONE',  ( 1.000000000000000000, -1.000829499985793311E-14, 0.000000000000000000 ) ) ;
#2115 = ORIENTED_EDGE ( 'NONE', *, *, #1683, .F. ) ;
#2116 = DIRECTION ( 'NONE',  ( -1.000000000000000000, 3.379394142588175241E-15, 0.000000000000000000 ) ) ;
#2117 = EDGE_LOOP ( 'NONE', ( #2052, #1117, #620, #1233 ) ) ;
#2118 = DIRECTION ( 'NONE',  ( -0.000000000000000000, -0.000000000000000000, -1.000000000000000000 ) ) ;
#2119 = AXIS2_PLACEMENT_3D ( 'NONE', #1360, #706, #547 ) ;
#2120 =( NAMED_UNIT ( * ) PLANE_ANGLE_UNIT ( ) SI_UNIT ( $, .RADIAN. ) );
#2121 = CARTESIAN_POINT ( 'NONE',  ( 12.99999999999996625, -4.850000000000088463, 0.000000000000000000 ) ) ;
#2122 = ORIENTED_EDGE ( 'NONE', *, *, #524, .F. ) ;
#2123 = CARTESIAN_POINT ( 'NONE',  ( 10.40007142674929952, -9.000000000000071054, 300.0000000000000000 ) ) ;
#2124 = EDGE_CURVE ( 'NONE', #1778, #1759, #1622, .T. ) ;
#2125 = ORIENTED_EDGE ( 'NONE', *, *, #1833, .T. ) ;
ENDSEC;
END-ISO-10303-21;
